sensor_id,timestamp,temperature,humidity,location,sensor_type
1066,2025-04-05T20:54:00.000Z,22.63,32.6,BuildingB_Floor1,TypeC
1077,2025-04-07T00:33:39.000Z,31.78,67.93,BuildingA_Floor2,TypeB
1021,2025-04-04T13:31:32.000Z,26.05,56.6,BuildingB_Floor2,TypeB
1019,2025-04-06T21:52:08.000Z,17.94,57.23,BuildingA_Floor2,TypeC
1040,2025-04-05T15:39:50.000Z,19.72,72.1,BuildingB_Floor1,TypeA
1015,2025-04-06T02:27:55.000Z,29.1,51.26,BuildingB_Floor1,TypeA
1004,2025-04-07T21:33:20.000Z,28.19,69.65,BuildingB_Floor2,TypeC
1008,2025-04-04T14:51:42.000Z,21.89,76.02,BuildingB_Floor2,TypeB
1095,2025-04-04T07:18:39.000Z,15.01,53.43,BuildingA_Floor1,TypeC
1028,2025-04-04T23:19:12.000Z,29.64,54.82,BuildingB_Floor1,TypeA
1061,2025-04-04T00:15:26.000Z,33.34,60.61,BuildingA_Floor2,TypeB
1031,2025-04-08T21:18:01.000Z,26.12,58.78,BuildingB_Floor1,TypeA
1009,2025-04-05T19:14:07.000Z,34.25,66.85,BuildingB_Floor2,TypeB
1059,2025-04-06T05:30:00.000Z,20.58,54.83,BuildingB_Floor2,TypeC
1023,2025-04-08T01:09:27.000Z,27.81,74.26,BuildingB_Floor2,TypeB
1051,2025-04-07T01:29:07.000Z,31.8,67.46,BuildingB_Floor2,TypeB
1034,2025-04-07T11:56:33.000Z,22.26,39.24,BuildingB_Floor2,TypeC
1089,2025-04-07T17:44:47.000Z,26.44,64.56,BuildingB_Floor2,TypeA
1071,2025-04-05T14:37:33.000Z,23.35,67.0,BuildingA_Floor1,TypeC
1021,2025-04-07T11:54:47.000Z,34.72,30.77,BuildingB_Floor2,TypeB
1068,2025-04-04T18:56:25.000Z,29.29,78.63,BuildingB_Floor1,TypeB
1062,2025-04-06T23:54:43.000Z,24.85,78.04,BuildingA_Floor2,TypeB
1062,2025-04-04T12:37:21.000Z,34.44,64.2,BuildingB_Floor1,TypeC
1088,2025-04-07T19:38:46.000Z,22.86,50.73,BuildingB_Floor2,TypeA
1050,2025-04-05T13:33:51.000Z,27.74,50.7,BuildingA_Floor2,TypeB
1026,2025-04-06T08:47:08.000Z,17.73,75.01,BuildingB_Floor1,TypeC
1063,2025-04-08T03:47:30.000Z,34.75,57.49,BuildingB_Floor2,TypeA
1018,2025-04-08T01:01:38.000Z,34.47,50.16,BuildingB_Floor1,TypeB
1026,2025-04-07T00:06:49.000Z,17.67,59.61,BuildingA_Floor2,TypeC
1037,2025-04-07T10:46:12.000Z,33.01,30.71,BuildingB_Floor2,TypeC
1013,2025-04-08T21:01:19.000Z,30.68,52.94,BuildingB_Floor1,TypeB
1077,2025-04-05T11:09:18.000Z,23.57,62.2,BuildingB_Floor2,TypeB
1096,2025-04-04T04:50:32.000Z,18.52,41.99,BuildingA_Floor2,TypeB
1015,2025-04-07T04:55:24.000Z,23.07,30.74,BuildingA_Floor2,TypeC
1018,2025-04-08T15:31:43.000Z,22.78,42.29,BuildingA_Floor2,TypeB
1062,2025-04-04T18:30:57.000Z,24.66,39.46,BuildingB_Floor2,TypeB
1088,2025-04-04T15:22:56.000Z,23.05,51.65,BuildingB_Floor2,TypeC
1038,2025-04-04T09:13:09.000Z,25.98,77.25,BuildingB_Floor1,TypeC
1006,2025-04-08T14:50:24.000Z,16.69,49.49,BuildingB_Floor2,TypeB
1052,2025-04-04T03:33:35.000Z,31.3,45.67,BuildingB_Floor2,TypeC
1094,2025-04-03T23:55:38.000Z,33.88,61.9,BuildingB_Floor2,TypeB
1087,2025-04-07T13:45:05.000Z,34.81,72.46,BuildingA_Floor1,TypeA
1047,2025-04-08T11:31:23.000Z,17.99,63.33,BuildingA_Floor2,TypeB
1049,2025-04-08T15:24:33.000Z,17.91,50.82,BuildingA_Floor2,TypeA
1100,2025-04-06T15:59:35.000Z,16.2,75.63,BuildingA_Floor1,TypeC
1045,2025-04-05T05:10:47.000Z,34.91,74.74,BuildingA_Floor2,TypeB
1042,2025-04-07T17:08:04.000Z,32.0,57.58,BuildingB_Floor1,TypeC
1047,2025-04-07T08:01:34.000Z,32.4,75.34,BuildingA_Floor2,TypeC
1047,2025-04-06T11:55:28.000Z,34.26,55.42,BuildingA_Floor1,TypeC
1061,2025-04-05T18:05:21.000Z,15.49,38.15,BuildingB_Floor2,TypeA
1063,2025-04-05T06:26:03.000Z,24.63,78.08,BuildingB_Floor2,TypeA
1074,2025-04-04T12:38:31.000Z,27.21,33.42,BuildingA_Floor2,TypeB
1077,2025-04-08T05:40:44.000Z,15.38,70.68,BuildingB_Floor1,TypeA
1067,2025-04-07T18:21:44.000Z,33.63,34.18,BuildingA_Floor2,TypeC
1020,2025-04-06T16:39:00.000Z,23.19,41.83,BuildingA_Floor2,TypeA
1059,2025-04-05T06:22:33.000Z,32.34,38.93,BuildingB_Floor2,TypeA
1028,2025-04-05T18:41:22.000Z,20.83,67.88,BuildingB_Floor2,TypeA
1010,2025-04-06T05:25:47.000Z,20.56,77.84,BuildingA_Floor2,TypeA
1072,2025-04-07T04:45:54.000Z,26.03,37.34,BuildingA_Floor1,TypeB
1012,2025-04-08T08:47:54.000Z,29.59,62.16,BuildingA_Floor1,TypeC
1062,2025-04-07T01:08:11.000Z,25.67,52.08,BuildingA_Floor1,TypeA
1070,2025-04-08T08:42:08.000Z,21.08,54.63,BuildingA_Floor1,TypeC
1091,2025-04-05T08:29:50.000Z,25.03,55.87,BuildingB_Floor2,TypeB
1003,2025-04-08T20:21:27.000Z,25.72,41.81,BuildingB_Floor1,TypeA
1087,2025-04-04T09:59:21.000Z,34.96,43.71,BuildingA_Floor1,TypeB
1096,2025-04-05T07:47:35.000Z,23.66,65.35,BuildingA_Floor1,TypeC
1079,2025-04-06T05:45:38.000Z,33.46,35.8,BuildingA_Floor1,TypeC
1086,2025-04-08T04:26:22.000Z,18.09,41.35,BuildingB_Floor2,TypeC
1017,2025-04-04T00:31:39.000Z,16.17,63.71,BuildingA_Floor1,TypeB
1040,2025-04-05T22:55:16.000Z,24.77,67.85,BuildingA_Floor2,TypeC
1056,2025-04-06T05:27:07.000Z,24.56,73.14,BuildingB_Floor1,TypeA
1076,2025-04-08T08:55:22.000Z,27.38,60.27,BuildingA_Floor1,TypeB
1068,2025-04-05T21:06:15.000Z,16.51,44.91,BuildingB_Floor1,TypeA
1055,2025-04-06T11:07:06.000Z,24.87,31.77,BuildingB_Floor2,TypeC
1014,2025-04-05T14:04:31.000Z,25.04,46.71,BuildingA_Floor1,TypeA
1049,2025-04-07T01:23:52.000Z,26.11,55.54,BuildingA_Floor1,TypeA
1057,2025-04-05T20:45:03.000Z,30.79,32.91,BuildingB_Floor1,TypeB
1097,2025-04-04T06:01:03.000Z,25.25,41.22,BuildingB_Floor1,TypeC
1031,2025-04-08T15:02:37.000Z,28.29,56.6,BuildingB_Floor1,TypeA
1084,2025-04-06T07:02:58.000Z,22.38,49.1,BuildingB_Floor2,TypeC
1023,2025-04-04T14:44:32.000Z,16.3,34.82,BuildingB_Floor1,TypeA
1085,2025-04-08T15:26:47.000Z,17.96,75.93,BuildingA_Floor1,TypeB
1001,2025-04-03T22:11:46.000Z,22.03,34.05,BuildingA_Floor1,TypeB
1006,2025-04-07T22:21:04.000Z,15.44,44.28,BuildingA_Floor1,TypeC
1089,2025-04-05T12:20:24.000Z,16.92,72.28,BuildingB_Floor1,TypeA
1050,2025-04-06T15:11:46.000Z,15.75,57.67,BuildingB_Floor2,TypeC
1072,2025-04-06T14:48:40.000Z,18.33,49.9,BuildingB_Floor1,TypeB
1032,2025-04-05T12:13:18.000Z,30.67,56.29,BuildingB_Floor2,TypeB
1097,2025-04-07T13:51:34.000Z,27.73,65.63,BuildingB_Floor1,TypeA
1062,2025-04-07T22:09:17.000Z,24.34,77.17,BuildingA_Floor2,TypeC
1087,2025-04-04T22:07:54.000Z,26.52,33.68,BuildingA_Floor2,TypeB
1038,2025-04-08T04:43:59.000Z,24.55,34.28,BuildingA_Floor1,TypeB
1063,2025-04-06T17:39:12.000Z,20.58,73.78,BuildingB_Floor2,TypeC
1082,2025-04-05T17:57:18.000Z,28.66,77.7,BuildingA_Floor1,TypeA
1031,2025-04-08T19:41:21.000Z,18.74,52.76,BuildingB_Floor1,TypeA
1000,2025-04-05T15:16:43.000Z,23.71,43.04,BuildingA_Floor2,TypeC
1057,2025-04-08T18:54:54.000Z,17.81,35.64,BuildingA_Floor1,TypeC
1074,2025-04-08T19:00:14.000Z,28.78,58.02,BuildingB_Floor2,TypeB
1092,2025-04-06T00:25:18.000Z,24.99,52.38,BuildingA_Floor2,TypeC
1057,2025-04-04T23:20:53.000Z,34.57,39.43,BuildingA_Floor2,TypeB
1092,2025-04-03T21:31:56.000Z,22.12,45.71,BuildingB_Floor2,TypeB
1043,2025-04-04T15:41:38.000Z,24.22,49.95,BuildingA_Floor1,TypeB
1034,2025-04-05T11:07:56.000Z,32.68,74.61,BuildingB_Floor1,TypeA
1050,2025-04-07T18:51:20.000Z,18.16,38.62,BuildingB_Floor2,TypeA
1100,2025-04-05T10:26:29.000Z,33.89,70.47,BuildingA_Floor2,TypeA
1014,2025-04-06T04:44:58.000Z,24.93,59.89,BuildingB_Floor1,TypeA
1057,2025-04-03T23:20:55.000Z,23.24,61.07,BuildingB_Floor2,TypeA
1006,2025-04-05T04:25:07.000Z,28.42,56.94,BuildingB_Floor1,TypeB
1042,2025-04-04T10:51:24.000Z,28.2,52.89,BuildingB_Floor1,TypeA
1059,2025-04-05T13:53:50.000Z,32.94,67.8,BuildingB_Floor1,TypeB
1044,2025-04-07T21:59:47.000Z,21.97,46.41,BuildingA_Floor1,TypeB
1000,2025-04-04T11:54:28.000Z,29.04,33.95,BuildingA_Floor2,TypeB
1014,2025-04-06T05:29:53.000Z,26.57,47.61,BuildingA_Floor2,TypeB
1084,2025-04-05T16:33:22.000Z,15.73,64.1,BuildingB_Floor2,TypeB
1071,2025-04-08T01:51:26.000Z,15.9,46.53,BuildingB_Floor1,TypeB
1018,2025-04-08T18:53:44.000Z,15.36,43.77,BuildingA_Floor1,TypeC
1068,2025-04-07T00:50:58.000Z,25.25,77.91,BuildingA_Floor2,TypeB
1009,2025-04-07T20:35:11.000Z,22.21,56.06,BuildingB_Floor1,TypeA
1013,2025-04-04T09:04:45.000Z,16.14,43.61,BuildingA_Floor1,TypeB
1034,2025-04-07T09:40:15.000Z,18.37,76.57,BuildingA_Floor1,TypeA
1022,2025-04-05T00:23:38.000Z,28.34,56.06,BuildingB_Floor1,TypeA
1055,2025-04-06T02:57:03.000Z,15.79,59.18,BuildingA_Floor2,TypeC
1092,2025-04-06T20:59:15.000Z,34.01,49.44,BuildingA_Floor1,TypeC
1023,2025-04-05T04:17:54.000Z,20.03,34.82,BuildingA_Floor2,TypeA
1098,2025-04-06T07:26:33.000Z,25.89,40.1,BuildingA_Floor2,TypeB
1095,2025-04-06T00:29:16.000Z,23.45,38.0,BuildingB_Floor1,TypeB
1080,2025-04-06T12:04:28.000Z,21.3,74.68,BuildingA_Floor2,TypeA
1026,2025-04-06T06:35:29.000Z,27.62,38.91,BuildingA_Floor1,TypeC
1076,2025-04-04T18:39:21.000Z,26.78,58.84,BuildingB_Floor1,TypeA
1030,2025-04-06T12:54:24.000Z,32.38,34.32,BuildingA_Floor2,TypeB
1024,2025-04-07T00:05:55.000Z,26.63,73.49,BuildingA_Floor2,TypeA
1099,2025-04-06T11:05:48.000Z,26.12,78.46,BuildingB_Floor2,TypeB
1064,2025-04-04T07:53:47.000Z,32.67,76.55,BuildingB_Floor2,TypeA
1033,2025-04-07T21:15:49.000Z,20.76,59.58,BuildingA_Floor2,TypeA
1055,2025-04-06T07:07:47.000Z,29.3,71.77,BuildingA_Floor2,TypeC
1029,2025-04-08T10:29:41.000Z,26.12,65.08,BuildingB_Floor2,TypeA
1007,2025-04-04T00:25:29.000Z,18.21,40.68,BuildingB_Floor1,TypeA
1062,2025-04-05T16:35:34.000Z,17.2,56.65,BuildingB_Floor1,TypeA
1046,2025-04-04T21:23:10.000Z,20.57,47.15,BuildingA_Floor1,TypeA
1080,2025-04-06T10:52:34.000Z,23.19,67.99,BuildingA_Floor1,TypeC
1074,2025-04-07T10:37:25.000Z,24.75,30.88,BuildingB_Floor2,TypeC
1034,2025-04-04T02:04:31.000Z,31.43,64.0,BuildingB_Floor1,TypeB
1028,2025-04-05T18:41:16.000Z,23.94,37.28,BuildingB_Floor1,TypeC
1013,2025-04-06T05:22:58.000Z,24.04,61.94,BuildingB_Floor1,TypeC
1072,2025-04-04T06:50:49.000Z,24.66,32.43,BuildingB_Floor1,TypeB
1092,2025-04-04T16:47:15.000Z,34.6,51.47,BuildingA_Floor1,TypeB
1086,2025-04-05T10:48:44.000Z,17.04,33.45,BuildingA_Floor2,TypeB
1023,2025-04-06T02:24:11.000Z,31.85,35.74,BuildingA_Floor1,TypeA
1004,2025-04-05T13:57:18.000Z,24.63,72.44,BuildingB_Floor2,TypeB
1045,2025-04-06T23:21:13.000Z,23.52,51.76,BuildingA_Floor2,TypeB
1020,2025-04-05T01:10:13.000Z,25.8,72.72,BuildingB_Floor1,TypeA
1006,2025-04-04T05:25:13.000Z,19.14,35.84,BuildingB_Floor1,TypeB
1077,2025-04-06T07:16:04.000Z,27.42,43.85,BuildingA_Floor2,TypeB
1095,2025-04-06T23:52:16.000Z,21.93,41.84,BuildingB_Floor2,TypeA
1056,2025-04-05T16:16:17.000Z,16.41,63.22,BuildingA_Floor2,TypeA
1011,2025-04-08T13:48:58.000Z,30.07,56.73,BuildingA_Floor1,TypeB
1063,2025-04-08T15:56:06.000Z,16.31,74.6,BuildingB_Floor2,TypeA
1024,2025-04-05T17:43:37.000Z,34.72,77.78,BuildingB_Floor2,TypeC
1089,2025-04-07T20:02:38.000Z,29.18,38.97,BuildingA_Floor2,TypeB
1051,2025-04-08T16:59:15.000Z,19.1,66.03,BuildingA_Floor1,TypeC
1100,2025-04-07T21:22:26.000Z,22.88,38.83,BuildingA_Floor1,TypeB
1012,2025-04-05T11:58:38.000Z,29.95,34.05,BuildingA_Floor2,TypeA
1059,2025-04-05T10:41:12.000Z,15.48,57.72,BuildingB_Floor2,TypeB
1088,2025-04-06T23:29:50.000Z,21.64,51.63,BuildingA_Floor1,TypeB
1059,2025-04-05T01:31:47.000Z,20.54,52.91,BuildingA_Floor1,TypeC
1099,2025-04-07T00:30:57.000Z,29.69,61.78,BuildingB_Floor1,TypeB
1090,2025-04-08T05:27:01.000Z,26.82,46.15,BuildingA_Floor1,TypeB
1082,2025-04-05T13:53:54.000Z,32.65,35.25,BuildingB_Floor1,TypeB
1028,2025-04-07T12:02:48.000Z,21.71,58.9,BuildingA_Floor1,TypeA
1050,2025-04-03T22:18:09.000Z,22.3,69.56,BuildingA_Floor1,TypeC
1028,2025-04-04T06:05:45.000Z,26.15,50.75,BuildingB_Floor2,TypeA
1057,2025-04-04T12:09:46.000Z,22.11,40.05,BuildingA_Floor1,TypeA
1097,2025-04-06T17:14:03.000Z,33.82,46.0,BuildingB_Floor1,TypeA
1039,2025-04-08T12:23:29.000Z,23.29,56.35,BuildingA_Floor1,TypeA
1026,2025-04-05T03:11:18.000Z,33.51,72.62,BuildingB_Floor1,TypeA
1079,2025-04-06T16:20:23.000Z,26.84,75.34,BuildingB_Floor1,TypeC
1055,2025-04-06T00:04:49.000Z,19.56,36.85,BuildingA_Floor2,TypeA
1033,2025-04-04T22:53:40.000Z,17.97,53.25,BuildingB_Floor2,TypeB
1070,2025-04-06T09:47:47.000Z,23.46,38.98,BuildingB_Floor2,TypeC
1020,2025-04-06T18:35:11.000Z,20.62,39.78,BuildingB_Floor1,TypeC
1099,2025-04-08T00:09:36.000Z,25.46,47.2,BuildingB_Floor2,TypeC
1021,2025-04-07T05:47:36.000Z,32.54,56.81,BuildingA_Floor2,TypeC
1006,2025-04-03T21:43:28.000Z,25.9,57.79,BuildingA_Floor1,TypeB
1066,2025-04-07T08:06:01.000Z,17.99,64.11,BuildingA_Floor1,TypeC
1080,2025-04-04T17:50:24.000Z,25.16,35.68,BuildingB_Floor1,TypeC
1071,2025-04-08T20:19:32.000Z,24.89,59.57,BuildingB_Floor1,TypeC
1094,2025-04-05T01:27:32.000Z,27.24,35.18,BuildingB_Floor2,TypeB
1023,2025-04-07T01:48:28.000Z,29.32,75.87,BuildingB_Floor1,TypeB
1074,2025-04-05T23:26:15.000Z,27.34,66.91,BuildingA_Floor1,TypeA
1075,2025-04-07T19:30:35.000Z,26.35,48.26,BuildingB_Floor2,TypeB
1065,2025-04-06T00:08:34.000Z,31.35,33.66,BuildingA_Floor1,TypeC
1081,2025-04-07T13:59:22.000Z,24.68,66.44,BuildingA_Floor2,TypeB
1040,2025-04-07T14:25:44.000Z,28.5,49.12,BuildingB_Floor1,TypeC
1065,2025-04-04T05:41:12.000Z,21.47,64.77,BuildingB_Floor2,TypeC
1015,2025-04-04T11:31:57.000Z,22.18,58.78,BuildingB_Floor2,TypeA
1037,2025-04-05T22:11:02.000Z,28.03,40.6,BuildingA_Floor2,TypeB
1020,2025-04-04T02:57:21.000Z,23.37,67.18,BuildingB_Floor1,TypeB
1004,2025-04-06T11:20:28.000Z,20.37,69.6,BuildingA_Floor2,TypeC
1039,2025-04-07T12:02:34.000Z,23.31,71.38,BuildingA_Floor2,TypeA
1095,2025-04-07T17:17:07.000Z,32.68,50.1,BuildingB_Floor1,TypeB
1012,2025-04-06T01:14:34.000Z,25.41,58.01,BuildingB_Floor2,TypeA
1096,2025-04-05T15:56:57.000Z,26.75,52.95,BuildingB_Floor1,TypeA
1048,2025-04-07T06:56:06.000Z,19.33,37.6,BuildingA_Floor2,TypeB
1070,2025-04-03T21:40:44.000Z,27.94,61.41,BuildingA_Floor1,TypeA
1073,2025-04-03T21:41:03.000Z,23.2,64.61,BuildingA_Floor1,TypeA
1049,2025-04-06T01:27:08.000Z,30.49,53.14,BuildingA_Floor2,TypeA
1015,2025-04-05T21:37:38.000Z,30.09,66.2,BuildingB_Floor2,TypeC
1071,2025-04-05T16:58:49.000Z,24.55,63.58,BuildingA_Floor2,TypeC
1085,2025-04-08T02:13:50.000Z,29.1,37.68,BuildingA_Floor1,TypeC
1007,2025-04-08T18:13:12.000Z,24.88,38.67,BuildingB_Floor2,TypeA
1002,2025-04-05T15:15:20.000Z,25.58,75.05,BuildingB_Floor2,TypeB
1061,2025-04-07T06:07:49.000Z,26.24,79.69,BuildingB_Floor2,TypeC
1016,2025-04-05T06:17:54.000Z,31.89,77.44,BuildingA_Floor2,TypeC
1003,2025-04-05T22:19:52.000Z,15.45,37.58,BuildingB_Floor2,TypeB
1016,2025-04-07T13:02:40.000Z,29.42,47.28,BuildingB_Floor2,TypeB
1006,2025-04-05T02:55:08.000Z,24.19,42.08,BuildingB_Floor2,TypeA
1049,2025-04-08T08:59:33.000Z,16.85,54.48,BuildingA_Floor2,TypeB
1016,2025-04-05T00:14:58.000Z,22.4,30.04,BuildingA_Floor1,TypeC
1073,2025-04-07T05:43:50.000Z,26.58,34.6,BuildingB_Floor2,TypeA
1016,2025-04-08T01:23:14.000Z,25.65,53.66,BuildingB_Floor1,TypeA
1040,2025-04-06T13:33:57.000Z,18.84,59.2,BuildingB_Floor2,TypeB
1030,2025-04-04T03:50:10.000Z,17.13,66.63,BuildingA_Floor2,TypeA
1084,2025-04-04T07:31:23.000Z,30.81,52.61,BuildingB_Floor1,TypeB
1002,2025-04-05T11:04:08.000Z,17.71,68.15,BuildingA_Floor2,TypeB
1098,2025-04-05T14:40:43.000Z,15.79,30.99,BuildingB_Floor2,TypeA
1039,2025-04-04T05:57:58.000Z,28.8,60.63,BuildingB_Floor2,TypeA
1080,2025-04-04T20:20:54.000Z,19.83,39.62,BuildingB_Floor1,TypeC
1015,2025-04-04T08:32:48.000Z,34.45,58.56,BuildingA_Floor2,TypeB
1022,2025-04-05T00:41:55.000Z,26.02,49.46,BuildingB_Floor1,TypeC
1016,2025-04-08T17:40:25.000Z,24.4,52.56,BuildingB_Floor2,TypeA
1096,2025-04-04T03:35:16.000Z,17.54,43.71,BuildingA_Floor1,TypeA
1064,2025-04-06T23:55:32.000Z,23.0,65.11,BuildingA_Floor1,TypeB
1045,2025-04-05T11:49:24.000Z,22.15,51.44,BuildingB_Floor2,TypeA
1070,2025-04-05T06:11:35.000Z,16.92,47.79,BuildingB_Floor2,TypeA
1034,2025-04-05T19:43:19.000Z,25.67,52.09,BuildingB_Floor1,TypeB
1065,2025-04-08T13:56:49.000Z,16.61,30.08,BuildingB_Floor2,TypeA
1029,2025-04-07T19:05:15.000Z,20.34,60.66,BuildingA_Floor1,TypeA
1020,2025-04-07T18:44:56.000Z,23.98,31.66,BuildingA_Floor2,TypeA
1046,2025-04-06T13:28:10.000Z,17.8,71.31,BuildingA_Floor1,TypeB
1055,2025-04-04T06:32:24.000Z,23.28,35.35,BuildingB_Floor2,TypeB
1013,2025-04-08T08:33:07.000Z,20.52,45.0,BuildingA_Floor1,TypeB
1014,2025-04-08T13:17:53.000Z,23.37,75.53,BuildingA_Floor2,TypeC
1067,2025-04-05T15:03:32.000Z,26.39,70.8,BuildingA_Floor1,TypeC
1013,2025-04-05T20:40:48.000Z,31.42,63.15,BuildingA_Floor2,TypeC
1031,2025-04-06T18:28:20.000Z,17.36,37.79,BuildingB_Floor2,TypeB
1077,2025-04-05T11:55:43.000Z,31.27,59.86,BuildingB_Floor2,TypeB
1042,2025-04-05T01:28:31.000Z,28.09,48.67,BuildingA_Floor1,TypeA
1019,2025-04-07T10:35:30.000Z,31.86,39.44,BuildingB_Floor1,TypeB
1096,2025-04-08T19:58:22.000Z,18.16,72.15,BuildingB_Floor1,TypeA
1086,2025-04-08T05:35:28.000Z,22.66,71.51,BuildingB_Floor2,TypeB
1014,2025-04-05T21:34:51.000Z,32.6,75.93,BuildingB_Floor1,TypeC
1078,2025-04-06T16:37:24.000Z,20.44,52.04,BuildingB_Floor1,TypeA
1091,2025-04-06T12:53:48.000Z,15.26,36.76,BuildingA_Floor2,TypeC
1092,2025-04-04T07:34:07.000Z,34.44,66.74,BuildingB_Floor1,TypeC
1033,2025-04-08T14:40:38.000Z,23.1,34.78,BuildingB_Floor1,TypeC
1046,2025-04-05T17:23:43.000Z,33.79,47.23,BuildingB_Floor1,TypeA
1009,2025-04-06T19:51:01.000Z,32.12,61.41,BuildingB_Floor2,TypeB
1072,2025-04-06T15:13:51.000Z,26.44,69.93,BuildingB_Floor1,TypeA
1037,2025-04-07T21:26:13.000Z,23.39,67.44,BuildingB_Floor1,TypeB
1030,2025-04-06T18:19:34.000Z,21.88,32.14,BuildingB_Floor1,TypeB
1080,2025-04-06T13:07:55.000Z,27.2,49.47,BuildingA_Floor2,TypeB
1074,2025-04-05T09:49:07.000Z,23.85,63.6,BuildingA_Floor1,TypeC
1009,2025-04-05T13:11:53.000Z,23.82,45.78,BuildingA_Floor1,TypeB
1054,2025-04-08T08:51:15.000Z,34.98,41.59,BuildingA_Floor1,TypeB
1065,2025-04-05T23:00:22.000Z,27.94,52.9,BuildingB_Floor2,TypeA
1051,2025-04-06T05:53:04.000Z,15.84,51.57,BuildingA_Floor2,TypeB
1098,2025-04-06T08:00:17.000Z,20.22,48.1,BuildingA_Floor2,TypeC
1046,2025-04-06T11:40:00.000Z,26.38,49.97,BuildingB_Floor2,TypeA
1058,2025-04-06T07:53:48.000Z,15.82,40.52,BuildingB_Floor2,TypeB
1052,2025-04-04T18:52:51.000Z,26.6,77.01,BuildingA_Floor2,TypeA
1036,2025-04-06T22:21:09.000Z,29.81,37.35,BuildingA_Floor2,TypeA
1017,2025-04-04T20:31:16.000Z,20.51,42.37,BuildingA_Floor2,TypeA
1047,2025-04-07T17:23:26.000Z,22.1,48.65,BuildingA_Floor1,TypeB
1031,2025-04-04T16:37:05.000Z,15.49,62.63,BuildingA_Floor1,TypeB
1043,2025-04-07T21:20:12.000Z,15.94,59.51,BuildingA_Floor2,TypeC
1027,2025-04-07T03:04:00.000Z,31.16,42.74,BuildingA_Floor1,TypeA
1042,2025-04-07T04:05:22.000Z,33.82,52.94,BuildingB_Floor1,TypeB
1015,2025-04-04T23:24:12.000Z,22.97,50.28,BuildingA_Floor1,TypeC
1063,2025-04-08T08:24:02.000Z,25.92,76.19,BuildingB_Floor1,TypeA
1043,2025-04-07T06:20:49.000Z,22.21,56.0,BuildingA_Floor2,TypeC
1000,2025-04-04T14:48:17.000Z,24.64,79.63,BuildingB_Floor1,TypeA
1090,2025-04-06T14:32:44.000Z,15.24,51.74,BuildingA_Floor1,TypeB
1062,2025-04-06T16:29:19.000Z,28.97,59.91,BuildingA_Floor1,TypeC
1004,2025-04-07T06:31:26.000Z,25.56,55.05,BuildingB_Floor2,TypeA
1066,2025-04-06T07:13:47.000Z,15.45,31.59,BuildingB_Floor2,TypeA
1055,2025-04-08T16:43:34.000Z,21.21,64.12,BuildingA_Floor1,TypeB
1002,2025-04-07T02:25:55.000Z,20.18,45.07,BuildingA_Floor1,TypeB
1038,2025-04-06T02:45:45.000Z,33.27,65.23,BuildingA_Floor1,TypeB
1082,2025-04-05T08:06:23.000Z,17.44,38.29,BuildingA_Floor1,TypeC
1011,2025-04-08T13:48:30.000Z,28.74,71.29,BuildingA_Floor2,TypeB
1063,2025-04-07T20:32:12.000Z,28.63,73.54,BuildingB_Floor1,TypeC
1000,2025-04-05T01:11:29.000Z,15.11,63.3,BuildingA_Floor1,TypeA
1043,2025-04-08T17:01:32.000Z,21.49,64.0,BuildingB_Floor1,TypeB
1099,2025-04-06T23:30:16.000Z,16.91,43.2,BuildingB_Floor2,TypeB
1077,2025-04-04T11:52:03.000Z,26.16,46.69,BuildingB_Floor1,TypeB
1035,2025-04-05T02:58:43.000Z,28.08,66.88,BuildingA_Floor1,TypeA
1049,2025-04-08T12:23:34.000Z,27.92,49.35,BuildingA_Floor2,TypeC
1062,2025-04-04T11:46:27.000Z,27.87,35.53,BuildingA_Floor1,TypeB
1079,2025-04-04T11:21:17.000Z,15.14,74.25,BuildingA_Floor2,TypeB
1059,2025-04-06T12:38:30.000Z,20.63,63.62,BuildingA_Floor1,TypeA
1088,2025-04-04T11:27:39.000Z,21.55,63.65,BuildingA_Floor1,TypeB
1086,2025-04-06T00:36:20.000Z,26.62,77.11,BuildingA_Floor2,TypeB
1098,2025-04-07T06:21:04.000Z,21.12,69.94,BuildingA_Floor2,TypeB
1077,2025-04-06T18:09:12.000Z,32.06,55.0,BuildingB_Floor2,TypeA
1087,2025-04-04T15:47:35.000Z,18.51,74.53,BuildingA_Floor2,TypeA
1066,2025-04-05T11:25:23.000Z,20.18,65.33,BuildingA_Floor1,TypeB
1093,2025-04-04T15:25:25.000Z,29.21,40.68,BuildingB_Floor2,TypeB
1039,2025-04-06T17:54:06.000Z,30.09,68.01,BuildingA_Floor1,TypeB
1042,2025-04-07T02:53:07.000Z,31.58,65.51,BuildingB_Floor2,TypeB
1044,2025-04-04T08:50:02.000Z,34.23,32.45,BuildingB_Floor2,TypeB
1086,2025-04-03T22:53:49.000Z,27.0,67.47,BuildingB_Floor2,TypeA
1001,2025-04-06T16:26:28.000Z,22.01,52.54,BuildingA_Floor1,TypeA
1039,2025-04-06T23:07:11.000Z,26.4,45.72,BuildingB_Floor2,TypeC
1022,2025-04-07T13:53:07.000Z,18.62,72.33,BuildingB_Floor1,TypeC
1100,2025-04-04T21:37:59.000Z,34.45,39.61,BuildingB_Floor1,TypeB
1000,2025-04-05T14:17:33.000Z,32.09,63.55,BuildingB_Floor1,TypeA
1028,2025-04-06T17:15:06.000Z,33.27,47.04,BuildingB_Floor2,TypeA
1008,2025-04-07T12:04:01.000Z,33.97,75.53,BuildingA_Floor1,TypeB
1029,2025-04-06T17:34:56.000Z,16.96,70.6,BuildingA_Floor1,TypeB
1062,2025-04-04T12:24:18.000Z,31.58,42.47,BuildingA_Floor2,TypeA
1075,2025-04-05T22:33:43.000Z,24.9,38.48,BuildingA_Floor1,TypeB
1095,2025-04-07T10:20:43.000Z,16.53,54.35,BuildingA_Floor1,TypeA
1063,2025-04-05T04:53:15.000Z,27.26,70.88,BuildingA_Floor1,TypeC
1022,2025-04-05T20:12:20.000Z,28.8,57.72,BuildingB_Floor2,TypeC
1009,2025-04-08T15:00:18.000Z,20.05,42.32,BuildingA_Floor1,TypeB
1046,2025-04-08T03:37:10.000Z,20.14,58.24,BuildingA_Floor2,TypeB
1059,2025-04-08T06:06:26.000Z,15.01,70.16,BuildingA_Floor1,TypeB
1014,2025-04-04T13:39:50.000Z,28.42,72.61,BuildingA_Floor1,TypeB
1085,2025-04-07T15:16:18.000Z,15.52,59.33,BuildingB_Floor2,TypeB
1043,2025-04-05T14:00:12.000Z,25.87,63.1,BuildingA_Floor1,TypeC
1030,2025-04-04T22:19:14.000Z,21.37,31.45,BuildingB_Floor2,TypeC
1011,2025-04-04T14:59:56.000Z,23.01,63.58,BuildingA_Floor1,TypeB
1044,2025-04-08T07:19:47.000Z,15.8,30.61,BuildingB_Floor1,TypeA
1059,2025-04-06T05:23:39.000Z,31.67,51.9,BuildingB_Floor1,TypeC
1068,2025-04-08T07:41:35.000Z,28.61,58.9,BuildingB_Floor2,TypeA
1067,2025-04-08T12:46:49.000Z,34.06,41.77,BuildingB_Floor1,TypeC
1026,2025-04-06T04:07:20.000Z,32.31,48.09,BuildingA_Floor1,TypeB
1051,2025-04-07T15:34:57.000Z,26.25,74.2,BuildingA_Floor1,TypeC
1096,2025-04-04T09:28:35.000Z,33.54,51.55,BuildingA_Floor1,TypeC
1097,2025-04-08T16:42:05.000Z,24.46,75.61,BuildingA_Floor2,TypeB
1019,2025-04-04T20:16:30.000Z,24.33,34.99,BuildingA_Floor2,TypeB
1015,2025-04-06T19:16:10.000Z,26.31,53.57,BuildingA_Floor1,TypeC
1055,2025-04-07T03:57:07.000Z,30.19,35.67,BuildingA_Floor1,TypeA
1003,2025-04-08T07:34:14.000Z,28.24,49.91,BuildingA_Floor1,TypeC
1008,2025-04-06T08:07:10.000Z,19.91,45.96,BuildingB_Floor2,TypeA
1098,2025-04-07T13:03:48.000Z,27.36,38.18,BuildingB_Floor1,TypeB
1029,2025-04-05T11:40:39.000Z,21.92,61.48,BuildingA_Floor2,TypeC
1077,2025-04-07T04:12:10.000Z,20.37,78.52,BuildingA_Floor1,TypeC
1070,2025-04-04T17:39:40.000Z,18.32,61.42,BuildingB_Floor2,TypeB
1035,2025-04-06T10:01:42.000Z,23.88,62.75,BuildingB_Floor2,TypeC
1089,2025-04-05T20:35:57.000Z,22.9,65.64,BuildingB_Floor2,TypeB
1006,2025-04-07T12:09:45.000Z,24.89,46.42,BuildingB_Floor2,TypeB
1022,2025-04-08T16:27:08.000Z,19.39,79.89,BuildingA_Floor2,TypeB
1045,2025-04-05T10:22:50.000Z,16.96,37.59,BuildingA_Floor2,TypeA
1081,2025-04-05T17:03:43.000Z,28.97,55.48,BuildingA_Floor2,TypeB
1037,2025-04-04T15:00:32.000Z,28.87,38.52,BuildingA_Floor2,TypeB
1035,2025-04-07T18:48:49.000Z,24.49,68.84,BuildingB_Floor1,TypeA
1084,2025-04-05T11:33:01.000Z,34.06,30.16,BuildingA_Floor2,TypeA
1046,2025-04-07T15:11:25.000Z,27.23,60.19,BuildingA_Floor1,TypeC
1030,2025-04-05T23:23:14.000Z,16.73,47.56,BuildingB_Floor2,TypeA
1086,2025-04-08T20:06:57.000Z,15.69,65.65,BuildingB_Floor1,TypeA
1021,2025-04-07T04:47:30.000Z,28.66,34.5,BuildingB_Floor1,TypeC
1096,2025-04-06T04:29:25.000Z,34.75,72.44,BuildingA_Floor1,TypeC
1042,2025-04-04T06:14:57.000Z,19.53,51.69,BuildingB_Floor1,TypeC
1019,2025-04-04T11:54:43.000Z,16.75,51.9,BuildingA_Floor1,TypeB
1002,2025-04-08T09:36:52.000Z,28.59,37.24,BuildingB_Floor1,TypeA
1011,2025-04-04T20:44:31.000Z,24.67,30.56,BuildingA_Floor1,TypeA
1061,2025-04-07T03:51:29.000Z,21.12,46.14,BuildingB_Floor2,TypeC
1050,2025-04-06T19:21:11.000Z,15.01,54.66,BuildingA_Floor2,TypeC
1073,2025-04-06T22:06:50.000Z,26.61,56.0,BuildingA_Floor1,TypeA
1020,2025-04-06T15:56:51.000Z,30.06,61.56,BuildingA_Floor1,TypeA
1075,2025-04-07T23:57:39.000Z,25.88,58.11,BuildingB_Floor1,TypeA
1067,2025-04-05T19:54:20.000Z,16.14,77.64,BuildingA_Floor1,TypeA
1056,2025-04-05T08:08:13.000Z,31.59,64.98,BuildingA_Floor1,TypeA
1056,2025-04-06T08:16:39.000Z,17.87,65.44,BuildingB_Floor1,TypeA
1078,2025-04-06T17:42:43.000Z,15.88,64.09,BuildingA_Floor2,TypeA
1074,2025-04-06T16:54:22.000Z,15.01,67.46,BuildingB_Floor1,TypeC
1019,2025-04-07T22:43:56.000Z,19.95,38.29,BuildingA_Floor2,TypeC
1084,2025-04-05T22:15:06.000Z,19.96,71.76,BuildingA_Floor1,TypeB
1034,2025-04-05T13:45:46.000Z,34.3,49.65,BuildingB_Floor1,TypeA
1032,2025-04-04T01:22:30.000Z,31.27,58.79,BuildingA_Floor1,TypeC
1077,2025-04-06T21:35:37.000Z,24.83,77.37,BuildingA_Floor1,TypeC
1093,2025-04-04T06:29:14.000Z,27.5,42.25,BuildingA_Floor2,TypeB
1072,2025-04-04T21:09:23.000Z,21.49,51.89,BuildingB_Floor2,TypeA
1077,2025-04-05T08:25:47.000Z,33.0,57.37,BuildingB_Floor1,TypeB
1002,2025-04-07T21:30:23.000Z,31.9,75.57,BuildingB_Floor1,TypeC
1047,2025-04-08T01:27:53.000Z,24.82,54.13,BuildingB_Floor2,TypeA
1019,2025-04-08T18:40:24.000Z,19.56,56.53,BuildingA_Floor1,TypeB
1086,2025-04-06T20:28:25.000Z,23.94,61.58,BuildingB_Floor2,TypeB
1040,2025-04-05T03:37:03.000Z,28.56,52.13,BuildingB_Floor2,TypeA
1093,2025-04-05T09:10:36.000Z,32.25,49.32,BuildingA_Floor2,TypeC
1086,2025-04-06T19:25:19.000Z,26.67,67.84,BuildingA_Floor1,TypeB
1035,2025-04-08T07:34:33.000Z,28.68,73.73,BuildingB_Floor1,TypeA
1023,2025-04-08T03:06:11.000Z,31.87,56.45,BuildingB_Floor1,TypeA
1084,2025-04-04T06:18:29.000Z,25.71,65.12,BuildingB_Floor2,TypeA
1072,2025-04-06T04:47:46.000Z,22.6,72.8,BuildingA_Floor1,TypeC
1068,2025-04-07T08:09:32.000Z,26.38,60.25,BuildingA_Floor2,TypeB
1047,2025-04-08T01:14:54.000Z,21.65,44.89,BuildingB_Floor1,TypeC
1082,2025-04-08T01:56:43.000Z,25.22,30.27,BuildingB_Floor1,TypeC
1098,2025-04-08T19:25:28.000Z,25.2,59.24,BuildingB_Floor2,TypeA
1072,2025-04-05T18:32:53.000Z,16.93,73.58,BuildingB_Floor1,TypeA
1019,2025-04-04T17:29:21.000Z,31.14,45.44,BuildingB_Floor2,TypeC
1100,2025-04-07T07:44:21.000Z,27.95,32.48,BuildingB_Floor2,TypeC
1082,2025-04-08T19:43:56.000Z,34.89,73.45,BuildingA_Floor2,TypeC
1020,2025-04-05T15:13:49.000Z,29.75,71.26,BuildingA_Floor1,TypeC
1089,2025-04-07T23:20:52.000Z,34.47,34.56,BuildingA_Floor2,TypeB
1038,2025-04-06T23:14:34.000Z,15.23,44.69,BuildingB_Floor1,TypeA
1060,2025-04-07T17:35:29.000Z,32.91,75.72,BuildingA_Floor1,TypeB
1078,2025-04-06T21:19:08.000Z,23.35,39.64,BuildingB_Floor1,TypeB
1029,2025-04-08T21:21:40.000Z,23.93,49.61,BuildingB_Floor2,TypeC
1073,2025-04-07T00:18:54.000Z,24.53,56.2,BuildingA_Floor2,TypeA
1027,2025-04-07T13:22:33.000Z,28.96,73.27,BuildingA_Floor2,TypeB
1086,2025-04-06T03:50:31.000Z,15.01,36.93,BuildingB_Floor2,TypeA
1018,2025-04-05T16:41:01.000Z,24.68,38.76,BuildingA_Floor2,TypeC
1005,2025-04-07T04:33:11.000Z,28.87,31.12,BuildingA_Floor1,TypeB
1085,2025-04-07T12:37:34.000Z,30.43,65.73,BuildingA_Floor1,TypeA
1075,2025-04-05T02:32:36.000Z,20.66,52.51,BuildingA_Floor2,TypeB
1047,2025-04-07T15:28:06.000Z,30.96,63.37,BuildingA_Floor2,TypeB
1040,2025-04-05T17:51:27.000Z,18.53,59.34,BuildingA_Floor1,TypeB
1045,2025-04-08T08:52:33.000Z,26.93,49.49,BuildingB_Floor1,TypeA
1002,2025-04-08T06:32:00.000Z,17.92,76.82,BuildingB_Floor2,TypeA
1064,2025-04-05T21:07:07.000Z,27.88,51.19,BuildingA_Floor2,TypeC
1001,2025-04-06T21:00:23.000Z,22.36,37.45,BuildingA_Floor2,TypeB
1098,2025-04-04T22:05:18.000Z,18.77,64.63,BuildingA_Floor1,TypeC
1055,2025-04-07T14:53:45.000Z,24.19,54.86,BuildingB_Floor2,TypeC
1015,2025-04-08T02:57:26.000Z,21.18,65.84,BuildingB_Floor2,TypeA
1062,2025-04-04T11:57:09.000Z,16.0,43.59,BuildingA_Floor1,TypeC
1092,2025-04-07T03:55:07.000Z,31.75,57.67,BuildingB_Floor2,TypeA
1024,2025-04-04T17:54:10.000Z,28.69,57.67,BuildingB_Floor2,TypeB
1001,2025-04-07T19:35:01.000Z,21.64,30.14,BuildingB_Floor1,TypeA
1003,2025-04-05T06:05:08.000Z,30.04,64.24,BuildingB_Floor1,TypeC
1022,2025-04-04T20:15:09.000Z,26.08,61.27,BuildingB_Floor1,TypeC
1063,2025-04-07T10:24:12.000Z,23.85,78.69,BuildingA_Floor2,TypeA
1089,2025-04-06T17:39:14.000Z,27.64,56.54,BuildingA_Floor1,TypeA
1001,2025-04-05T23:36:25.000Z,30.46,49.04,BuildingB_Floor1,TypeC
1004,2025-04-04T08:29:11.000Z,28.6,50.94,BuildingA_Floor1,TypeA
1023,2025-04-03T23:37:47.000Z,29.37,77.37,BuildingA_Floor1,TypeA
1064,2025-04-05T13:55:25.000Z,15.81,46.14,BuildingB_Floor2,TypeC
1077,2025-04-07T01:44:54.000Z,16.09,74.52,BuildingB_Floor2,TypeC
1096,2025-04-06T20:30:18.000Z,25.56,46.55,BuildingB_Floor1,TypeA
1016,2025-04-06T20:46:43.000Z,24.15,67.93,BuildingB_Floor2,TypeA
1055,2025-04-06T17:01:18.000Z,24.82,63.86,BuildingB_Floor1,TypeC
1050,2025-04-07T15:59:22.000Z,22.85,44.18,BuildingB_Floor2,TypeC
1034,2025-04-07T16:21:11.000Z,23.83,62.03,BuildingA_Floor1,TypeB
1085,2025-04-04T00:54:54.000Z,33.6,79.43,BuildingA_Floor1,TypeA
1038,2025-04-04T18:29:19.000Z,19.87,54.58,BuildingA_Floor1,TypeB
1039,2025-04-04T04:26:56.000Z,25.11,46.02,BuildingA_Floor1,TypeB
1042,2025-04-08T09:46:10.000Z,15.7,49.66,BuildingA_Floor1,TypeB
1083,2025-04-04T02:28:35.000Z,16.64,42.89,BuildingA_Floor1,TypeA
1025,2025-04-08T13:17:27.000Z,26.26,65.71,BuildingB_Floor1,TypeC
1017,2025-04-05T13:29:41.000Z,24.36,70.76,BuildingB_Floor1,TypeC
1099,2025-04-04T16:49:53.000Z,23.21,72.13,BuildingA_Floor1,TypeB
1010,2025-04-04T08:25:50.000Z,15.63,40.3,BuildingB_Floor2,TypeB
1081,2025-04-05T19:11:58.000Z,21.14,39.19,BuildingB_Floor2,TypeB
1048,2025-04-05T15:51:20.000Z,25.03,77.36,BuildingA_Floor1,TypeB
1078,2025-04-04T22:02:35.000Z,19.35,50.31,BuildingA_Floor2,TypeC
1054,2025-04-04T18:58:48.000Z,30.02,76.6,BuildingB_Floor2,TypeA
1071,2025-04-04T08:52:10.000Z,28.71,42.4,BuildingA_Floor2,TypeC
1028,2025-04-05T11:59:28.000Z,27.86,33.93,BuildingA_Floor2,TypeB
1095,2025-04-05T09:57:31.000Z,31.22,78.16,BuildingB_Floor2,TypeC
1014,2025-04-07T23:41:34.000Z,19.63,65.99,BuildingB_Floor1,TypeB
1086,2025-04-08T08:18:11.000Z,15.83,34.09,BuildingB_Floor2,TypeA
1003,2025-04-06T22:04:53.000Z,32.09,41.05,BuildingB_Floor2,TypeB
1088,2025-04-05T12:47:43.000Z,27.97,63.31,BuildingB_Floor1,TypeC
1085,2025-04-06T02:22:35.000Z,28.11,77.27,BuildingA_Floor1,TypeB
1053,2025-04-03T22:07:42.000Z,33.61,63.48,BuildingB_Floor1,TypeB
1007,2025-04-04T11:44:59.000Z,16.98,66.99,BuildingB_Floor1,TypeC
1049,2025-04-06T10:30:17.000Z,32.53,40.78,BuildingA_Floor2,TypeB
1023,2025-04-08T04:20:11.000Z,33.88,35.28,BuildingA_Floor2,TypeC
1021,2025-04-05T19:50:51.000Z,34.65,62.14,BuildingA_Floor1,TypeC
1041,2025-04-07T09:41:18.000Z,22.21,42.49,BuildingA_Floor1,TypeA
1099,2025-04-04T19:57:28.000Z,21.01,66.18,BuildingB_Floor2,TypeA
1040,2025-04-05T16:32:05.000Z,31.44,34.56,BuildingA_Floor2,TypeB
1039,2025-04-07T03:07:50.000Z,27.69,39.63,BuildingA_Floor2,TypeA
1075,2025-04-08T10:29:10.000Z,20.47,60.06,BuildingB_Floor1,TypeB
1069,2025-04-08T10:40:32.000Z,33.22,32.19,BuildingA_Floor2,TypeC
1024,2025-04-03T23:22:51.000Z,21.71,72.07,BuildingA_Floor2,TypeB
1085,2025-04-08T10:00:44.000Z,19.95,39.14,BuildingB_Floor1,TypeB
1027,2025-04-04T11:33:40.000Z,25.02,79.58,BuildingB_Floor2,TypeA
1035,2025-04-04T02:09:34.000Z,20.69,73.72,BuildingA_Floor2,TypeC
1003,2025-04-05T20:40:42.000Z,30.97,50.56,BuildingB_Floor2,TypeC
1005,2025-04-04T04:27:31.000Z,23.8,73.32,BuildingB_Floor1,TypeC
1095,2025-04-05T14:02:04.000Z,19.87,56.95,BuildingB_Floor1,TypeC
1000,2025-04-08T17:03:47.000Z,24.79,59.14,BuildingB_Floor1,TypeB
1036,2025-04-05T15:38:53.000Z,32.36,58.17,BuildingB_Floor1,TypeA
1010,2025-04-04T01:06:00.000Z,29.08,34.49,BuildingA_Floor1,TypeB
1026,2025-04-06T15:40:32.000Z,21.34,45.59,BuildingB_Floor2,TypeB
1014,2025-04-03T23:44:43.000Z,33.43,40.88,BuildingA_Floor1,TypeC
1013,2025-04-06T20:55:58.000Z,32.15,66.9,BuildingB_Floor2,TypeC
1084,2025-04-05T17:25:47.000Z,26.33,70.68,BuildingB_Floor1,TypeB
1065,2025-04-06T06:02:12.000Z,29.27,34.76,BuildingA_Floor2,TypeC
1028,2025-04-05T04:54:11.000Z,34.66,52.52,BuildingA_Floor1,TypeC
1049,2025-04-05T03:10:15.000Z,21.56,45.9,BuildingB_Floor1,TypeA
1091,2025-04-04T03:29:10.000Z,24.7,61.98,BuildingB_Floor1,TypeA
1026,2025-04-06T08:00:41.000Z,21.93,61.76,BuildingB_Floor1,TypeB
1026,2025-04-04T07:41:23.000Z,23.59,31.38,BuildingB_Floor2,TypeA
1090,2025-04-04T06:39:29.000Z,21.11,57.44,BuildingB_Floor1,TypeA
1068,2025-04-06T14:14:24.000Z,17.6,41.02,BuildingA_Floor2,TypeA
1036,2025-04-05T13:50:20.000Z,26.28,65.93,BuildingB_Floor1,TypeA
1057,2025-04-06T05:21:37.000Z,27.99,49.03,BuildingB_Floor2,TypeB
1063,2025-04-07T22:49:16.000Z,15.69,59.59,BuildingA_Floor1,TypeC
1071,2025-04-07T05:32:25.000Z,28.25,32.34,BuildingB_Floor2,TypeC
1062,2025-04-08T11:17:15.000Z,33.01,41.49,BuildingA_Floor1,TypeB
1001,2025-04-05T18:03:40.000Z,21.84,70.6,BuildingB_Floor2,TypeA
1000,2025-04-05T18:09:04.000Z,33.94,75.68,BuildingA_Floor1,TypeC
1071,2025-04-04T16:08:57.000Z,28.46,74.52,BuildingA_Floor2,TypeB
1061,2025-04-08T03:22:54.000Z,34.97,49.4,BuildingB_Floor1,TypeA
1054,2025-04-08T04:26:52.000Z,22.07,73.46,BuildingA_Floor2,TypeC
1037,2025-04-03T23:06:04.000Z,32.08,70.53,BuildingB_Floor1,TypeA
1001,2025-04-05T12:10:18.000Z,24.54,78.8,BuildingA_Floor2,TypeB
1071,2025-04-06T02:26:07.000Z,27.37,43.28,BuildingB_Floor1,TypeC
1010,2025-04-06T19:43:25.000Z,15.22,48.98,BuildingA_Floor1,TypeC
1007,2025-04-08T04:40:52.000Z,17.55,68.13,BuildingB_Floor1,TypeC
1075,2025-04-06T21:28:26.000Z,19.14,36.33,BuildingB_Floor2,TypeB
1068,2025-04-04T13:49:24.000Z,21.51,39.2,BuildingA_Floor1,TypeA
1014,2025-04-07T21:54:49.000Z,32.75,45.21,BuildingB_Floor2,TypeB
1068,2025-04-06T11:44:49.000Z,29.06,31.5,BuildingA_Floor1,TypeA
1031,2025-04-07T19:10:52.000Z,34.04,62.92,BuildingA_Floor2,TypeB
1027,2025-04-07T07:04:53.000Z,23.16,45.38,BuildingB_Floor2,TypeC
1060,2025-04-04T11:45:48.000Z,32.09,57.55,BuildingB_Floor2,TypeC
1017,2025-04-05T22:46:31.000Z,33.23,77.42,BuildingB_Floor1,TypeA
1013,2025-04-06T05:25:54.000Z,29.65,42.35,BuildingB_Floor1,TypeA
1027,2025-04-07T19:58:02.000Z,18.09,39.17,BuildingB_Floor1,TypeB
1023,2025-04-04T11:54:06.000Z,24.14,70.37,BuildingB_Floor1,TypeA
1054,2025-04-05T19:06:27.000Z,25.9,59.3,BuildingA_Floor2,TypeA
1019,2025-04-05T13:44:56.000Z,18.12,51.42,BuildingA_Floor1,TypeC
1005,2025-04-05T23:35:42.000Z,18.2,66.24,BuildingA_Floor1,TypeB
1085,2025-04-05T21:18:33.000Z,29.29,77.74,BuildingB_Floor2,TypeA
1046,2025-04-07T15:14:02.000Z,17.52,77.89,BuildingA_Floor1,TypeA
1008,2025-04-04T03:10:40.000Z,29.04,79.23,BuildingA_Floor1,TypeB
1018,2025-04-07T15:12:39.000Z,17.04,67.08,BuildingA_Floor2,TypeA
1049,2025-04-07T08:01:59.000Z,21.75,46.3,BuildingA_Floor1,TypeA
1069,2025-04-04T03:10:33.000Z,20.43,64.76,BuildingA_Floor2,TypeB
1089,2025-04-03T21:25:40.000Z,21.28,46.95,BuildingB_Floor2,TypeA
1009,2025-04-04T13:34:44.000Z,18.47,51.03,BuildingB_Floor2,TypeC
1088,2025-04-04T12:48:14.000Z,15.98,79.34,BuildingA_Floor2,TypeC
1017,2025-04-08T08:23:11.000Z,28.14,38.13,BuildingB_Floor1,TypeB
1085,2025-04-04T15:11:59.000Z,31.64,68.23,BuildingB_Floor1,TypeC
1059,2025-04-05T03:03:30.000Z,17.62,64.71,BuildingB_Floor2,TypeB
1089,2025-04-08T09:21:40.000Z,22.89,47.34,BuildingA_Floor1,TypeC
1054,2025-04-04T12:36:56.000Z,32.28,49.04,BuildingA_Floor1,TypeA
1099,2025-04-07T03:13:01.000Z,29.93,75.95,BuildingA_Floor2,TypeC
1100,2025-04-06T23:22:47.000Z,28.3,69.6,BuildingB_Floor1,TypeA
1046,2025-04-05T11:12:48.000Z,34.62,33.22,BuildingB_Floor2,TypeA
1017,2025-04-04T01:54:35.000Z,18.78,67.08,BuildingB_Floor1,TypeA
1095,2025-04-05T18:16:05.000Z,29.81,35.32,BuildingB_Floor2,TypeC
1011,2025-04-07T17:56:56.000Z,22.28,40.11,BuildingA_Floor1,TypeB
1043,2025-04-08T00:27:38.000Z,20.95,76.92,BuildingA_Floor1,TypeC
1014,2025-04-04T19:16:47.000Z,19.97,38.82,BuildingA_Floor1,TypeC
1034,2025-04-07T05:03:27.000Z,21.23,30.63,BuildingB_Floor1,TypeC
1021,2025-04-04T01:16:10.000Z,28.63,57.41,BuildingB_Floor1,TypeA
1032,2025-04-06T04:20:19.000Z,15.79,37.15,BuildingB_Floor2,TypeA
1014,2025-04-06T14:41:43.000Z,24.95,71.53,BuildingB_Floor2,TypeB
1094,2025-04-04T03:21:15.000Z,31.96,70.06,BuildingB_Floor1,TypeB
1069,2025-04-06T03:42:34.000Z,29.49,66.8,BuildingA_Floor1,TypeC
1038,2025-04-04T18:51:41.000Z,31.7,70.69,BuildingA_Floor1,TypeC
1088,2025-04-04T16:33:31.000Z,32.97,74.06,BuildingA_Floor1,TypeC
1011,2025-04-06T12:36:52.000Z,17.52,66.82,BuildingB_Floor1,TypeB
1077,2025-04-06T02:54:03.000Z,18.26,37.13,BuildingA_Floor1,TypeB
1097,2025-04-06T12:21:12.000Z,25.21,60.76,BuildingB_Floor1,TypeA
1063,2025-04-06T15:58:17.000Z,30.91,34.32,BuildingB_Floor1,TypeC
1012,2025-04-06T22:41:55.000Z,21.17,40.5,BuildingA_Floor2,TypeB
1097,2025-04-08T00:10:24.000Z,21.64,58.31,BuildingB_Floor1,TypeB
1073,2025-04-07T17:26:27.000Z,24.21,43.79,BuildingA_Floor2,TypeA
1022,2025-04-08T02:11:36.000Z,17.41,77.13,BuildingB_Floor2,TypeC
1004,2025-04-08T12:22:49.000Z,30.26,79.93,BuildingB_Floor2,TypeC
1010,2025-04-08T13:05:15.000Z,21.9,35.29,BuildingA_Floor1,TypeC
1010,2025-04-07T14:56:48.000Z,32.06,35.98,BuildingA_Floor2,TypeC
1100,2025-04-05T01:13:44.000Z,17.69,54.72,BuildingB_Floor2,TypeC
1095,2025-04-07T15:39:02.000Z,29.96,47.31,BuildingB_Floor2,TypeA
1055,2025-04-06T00:14:45.000Z,27.6,54.24,BuildingA_Floor1,TypeB
1039,2025-04-06T18:09:44.000Z,24.91,59.98,BuildingA_Floor1,TypeA
1053,2025-04-06T10:01:50.000Z,27.06,59.22,BuildingB_Floor1,TypeC
1017,2025-04-04T00:24:21.000Z,15.83,67.25,BuildingB_Floor1,TypeA
1058,2025-04-06T04:17:28.000Z,21.17,54.95,BuildingA_Floor1,TypeC
1012,2025-04-07T12:08:46.000Z,17.07,63.14,BuildingA_Floor1,TypeB
1060,2025-04-08T14:00:55.000Z,19.02,74.97,BuildingB_Floor2,TypeB
1078,2025-04-08T00:02:33.000Z,32.45,51.95,BuildingA_Floor1,TypeA
1060,2025-04-05T06:42:33.000Z,16.32,30.23,BuildingB_Floor1,TypeB
1087,2025-04-06T23:02:12.000Z,27.94,42.09,BuildingB_Floor2,TypeC
1004,2025-04-07T01:46:41.000Z,20.43,56.97,BuildingA_Floor2,TypeA
1051,2025-04-06T22:35:16.000Z,29.03,65.51,BuildingB_Floor2,TypeC
1050,2025-04-07T01:32:41.000Z,30.65,77.78,BuildingA_Floor2,TypeC
1017,2025-04-06T18:54:41.000Z,28.96,75.83,BuildingA_Floor2,TypeB
1079,2025-04-08T00:18:57.000Z,16.86,42.14,BuildingA_Floor1,TypeB
1071,2025-04-05T22:03:03.000Z,28.16,63.05,BuildingB_Floor1,TypeC
1064,2025-04-07T08:35:45.000Z,30.65,31.49,BuildingA_Floor2,TypeB
1071,2025-04-05T11:15:50.000Z,15.66,70.17,BuildingB_Floor2,TypeA
1023,2025-04-06T02:48:15.000Z,34.09,62.66,BuildingA_Floor1,TypeC
1081,2025-04-08T18:08:29.000Z,32.38,49.71,BuildingB_Floor2,TypeA
1021,2025-04-04T21:01:26.000Z,27.03,41.99,BuildingB_Floor2,TypeB
1088,2025-04-04T20:56:01.000Z,25.15,54.27,BuildingB_Floor2,TypeA
1047,2025-04-05T08:31:28.000Z,19.31,59.27,BuildingB_Floor2,TypeC
1042,2025-04-04T18:01:49.000Z,18.76,52.88,BuildingA_Floor2,TypeA
1018,2025-04-05T03:38:46.000Z,19.19,70.58,BuildingA_Floor2,TypeB
1013,2025-04-07T14:01:31.000Z,21.12,44.85,BuildingB_Floor2,TypeC
1064,2025-04-08T16:42:34.000Z,19.36,49.02,BuildingB_Floor2,TypeC
1040,2025-04-04T12:47:47.000Z,23.44,55.99,BuildingA_Floor1,TypeB
1014,2025-04-04T17:58:55.000Z,18.54,77.89,BuildingB_Floor1,TypeA
1062,2025-04-06T05:44:27.000Z,16.75,73.12,BuildingA_Floor1,TypeB
1062,2025-04-07T00:17:33.000Z,26.29,47.79,BuildingB_Floor1,TypeA
1011,2025-04-07T05:13:14.000Z,31.74,67.6,BuildingB_Floor1,TypeC
1036,2025-04-07T10:40:16.000Z,33.37,52.58,BuildingB_Floor2,TypeC
1068,2025-04-06T10:55:06.000Z,26.52,32.13,BuildingA_Floor1,TypeA
1037,2025-04-04T10:36:15.000Z,15.43,58.63,BuildingA_Floor2,TypeC
1075,2025-04-04T21:05:49.000Z,29.04,60.86,BuildingA_Floor1,TypeB
1035,2025-04-06T22:38:16.000Z,29.56,63.83,BuildingB_Floor1,TypeA
1026,2025-04-07T14:18:32.000Z,17.27,54.26,BuildingA_Floor2,TypeC
1069,2025-04-04T09:45:16.000Z,19.35,70.09,BuildingB_Floor1,TypeA
1005,2025-04-08T02:18:48.000Z,28.56,51.42,BuildingB_Floor2,TypeB
1091,2025-04-06T05:06:24.000Z,17.88,32.96,BuildingB_Floor1,TypeC
1068,2025-04-07T22:40:27.000Z,22.09,52.75,BuildingA_Floor2,TypeC
1038,2025-04-04T05:56:08.000Z,24.34,72.56,BuildingA_Floor1,TypeC
1047,2025-04-07T01:02:11.000Z,28.38,59.36,BuildingB_Floor2,TypeC
1000,2025-04-06T03:03:31.000Z,15.34,30.3,BuildingB_Floor1,TypeB
1047,2025-04-05T22:33:15.000Z,17.37,59.44,BuildingB_Floor2,TypeA
1011,2025-04-04T11:10:46.000Z,34.57,78.72,BuildingA_Floor1,TypeB
1095,2025-04-05T10:10:40.000Z,28.51,73.83,BuildingB_Floor1,TypeB
1061,2025-04-06T23:42:05.000Z,31.87,60.99,BuildingA_Floor2,TypeC
1007,2025-04-04T17:29:16.000Z,28.58,41.66,BuildingB_Floor2,TypeA
1020,2025-04-04T07:41:09.000Z,34.94,39.25,BuildingB_Floor2,TypeC
1017,2025-04-07T08:44:09.000Z,17.76,71.29,BuildingA_Floor2,TypeC
1062,2025-04-07T19:18:36.000Z,25.94,61.1,BuildingA_Floor1,TypeA
1012,2025-04-06T20:17:15.000Z,32.43,59.57,BuildingA_Floor1,TypeA
1075,2025-04-06T17:52:59.000Z,18.94,55.42,BuildingB_Floor1,TypeA
1018,2025-04-04T13:03:09.000Z,28.95,48.5,BuildingA_Floor1,TypeA
1080,2025-04-07T15:57:29.000Z,17.69,36.24,BuildingA_Floor2,TypeB
1008,2025-04-08T16:35:02.000Z,28.69,45.77,BuildingA_Floor1,TypeA
1031,2025-04-05T11:52:24.000Z,34.94,61.66,BuildingA_Floor1,TypeC
1051,2025-04-04T17:38:24.000Z,29.9,70.67,BuildingA_Floor2,TypeC
1093,2025-04-08T19:35:02.000Z,29.17,43.89,BuildingA_Floor1,TypeC
1070,2025-04-07T04:02:14.000Z,29.1,65.35,BuildingB_Floor2,TypeB
1039,2025-04-08T14:30:41.000Z,21.25,62.67,BuildingA_Floor1,TypeB
1086,2025-04-06T02:38:42.000Z,22.55,57.81,BuildingA_Floor1,TypeC
1074,2025-04-08T06:54:16.000Z,25.66,57.23,BuildingA_Floor1,TypeA
1038,2025-04-05T09:59:58.000Z,28.02,65.56,BuildingB_Floor2,TypeC
1061,2025-04-05T15:44:54.000Z,17.42,48.07,BuildingA_Floor1,TypeB
1094,2025-04-08T21:12:46.000Z,30.36,36.95,BuildingB_Floor1,TypeC
1077,2025-04-06T06:09:18.000Z,24.77,35.08,BuildingA_Floor1,TypeB
1093,2025-04-08T14:28:52.000Z,20.98,62.54,BuildingA_Floor2,TypeA
1066,2025-04-04T07:58:18.000Z,29.23,45.5,BuildingB_Floor1,TypeA
1033,2025-04-07T11:36:54.000Z,30.81,40.52,BuildingA_Floor1,TypeB
1067,2025-04-06T03:09:59.000Z,19.63,31.77,BuildingB_Floor2,TypeC
1088,2025-04-08T12:28:05.000Z,33.57,43.49,BuildingB_Floor2,TypeC
1030,2025-04-05T19:59:31.000Z,17.14,62.59,BuildingA_Floor2,TypeB
1017,2025-04-04T10:25:32.000Z,30.88,38.95,BuildingB_Floor1,TypeB
1093,2025-04-04T11:19:00.000Z,30.48,35.54,BuildingB_Floor1,TypeC
1007,2025-04-08T05:29:50.000Z,29.82,73.01,BuildingA_Floor2,TypeA
1001,2025-04-06T08:04:27.000Z,24.86,36.9,BuildingA_Floor1,TypeB
1062,2025-04-07T16:05:46.000Z,22.5,63.35,BuildingA_Floor2,TypeC
1053,2025-04-04T23:55:24.000Z,16.97,44.41,BuildingA_Floor1,TypeC
1055,2025-04-06T04:45:46.000Z,25.97,61.31,BuildingA_Floor2,TypeA
1064,2025-04-05T23:54:15.000Z,26.25,42.57,BuildingB_Floor1,TypeC
1095,2025-04-07T22:32:40.000Z,32.96,31.07,BuildingB_Floor1,TypeB
1007,2025-04-05T01:41:51.000Z,30.72,50.15,BuildingB_Floor1,TypeB
1061,2025-04-06T18:13:06.000Z,27.48,37.37,BuildingA_Floor2,TypeA
1091,2025-04-05T16:43:53.000Z,26.68,59.77,BuildingA_Floor2,TypeA
1026,2025-04-08T18:41:33.000Z,33.26,74.11,BuildingB_Floor1,TypeB
1001,2025-04-03T22:57:33.000Z,32.54,31.39,BuildingB_Floor1,TypeA
1085,2025-04-04T16:07:58.000Z,20.59,74.18,BuildingA_Floor2,TypeC
1090,2025-04-04T21:20:17.000Z,16.26,68.15,BuildingA_Floor1,TypeB
1075,2025-04-05T19:00:58.000Z,22.93,38.06,BuildingA_Floor1,TypeB
1035,2025-04-07T05:12:01.000Z,21.33,61.58,BuildingA_Floor1,TypeB
1020,2025-04-04T00:28:08.000Z,24.61,78.72,BuildingA_Floor1,TypeA
1002,2025-04-04T15:38:24.000Z,17.82,55.71,BuildingB_Floor2,TypeB
1098,2025-04-06T19:14:35.000Z,23.63,31.3,BuildingB_Floor1,TypeA
1062,2025-04-05T11:36:34.000Z,26.73,61.98,BuildingA_Floor1,TypeA
1068,2025-04-08T06:58:57.000Z,26.01,56.15,BuildingA_Floor2,TypeA
1034,2025-04-07T13:19:42.000Z,27.67,49.96,BuildingB_Floor2,TypeA
1013,2025-04-04T12:56:44.000Z,29.74,30.46,BuildingB_Floor2,TypeC
1030,2025-04-07T07:08:47.000Z,18.05,66.78,BuildingB_Floor1,TypeA
1059,2025-04-07T18:32:06.000Z,15.01,50.83,BuildingB_Floor2,TypeA
1032,2025-04-06T09:05:46.000Z,26.54,65.31,BuildingA_Floor1,TypeA
1031,2025-04-05T08:45:40.000Z,27.33,67.07,BuildingA_Floor1,TypeA
1094,2025-04-06T07:21:01.000Z,23.64,71.33,BuildingA_Floor1,TypeC
1018,2025-04-04T18:15:12.000Z,32.98,59.69,BuildingB_Floor2,TypeA
1084,2025-04-07T14:31:09.000Z,19.02,64.75,BuildingA_Floor1,TypeA
1097,2025-04-05T15:30:42.000Z,17.13,76.07,BuildingA_Floor1,TypeC
1015,2025-04-06T13:28:30.000Z,22.46,46.28,BuildingA_Floor2,TypeC
1073,2025-04-07T07:53:53.000Z,22.32,51.37,BuildingA_Floor2,TypeB
1017,2025-04-04T05:11:46.000Z,23.11,31.94,BuildingB_Floor2,TypeC
1010,2025-04-08T07:39:57.000Z,34.8,51.23,BuildingB_Floor2,TypeB
1074,2025-04-06T21:06:07.000Z,16.22,76.38,BuildingB_Floor1,TypeC
1054,2025-04-05T06:38:38.000Z,27.33,43.37,BuildingA_Floor1,TypeB
1051,2025-04-08T04:36:21.000Z,28.97,69.08,BuildingA_Floor1,TypeA
1033,2025-04-06T03:48:57.000Z,33.48,48.1,BuildingB_Floor2,TypeC
1011,2025-04-08T06:10:32.000Z,31.2,59.04,BuildingA_Floor2,TypeC
1034,2025-04-08T00:14:12.000Z,33.96,35.49,BuildingA_Floor2,TypeA
1000,2025-04-07T18:17:46.000Z,31.85,38.65,BuildingA_Floor1,TypeB
1084,2025-04-04T06:18:39.000Z,25.81,68.35,BuildingB_Floor1,TypeC
1057,2025-04-05T15:37:55.000Z,27.78,50.1,BuildingB_Floor2,TypeA
1023,2025-04-03T22:46:29.000Z,17.51,63.68,BuildingA_Floor1,TypeB
1056,2025-04-07T03:36:31.000Z,33.74,50.99,BuildingA_Floor1,TypeC
1035,2025-04-04T00:32:49.000Z,21.6,65.68,BuildingA_Floor1,TypeB
1034,2025-04-07T22:41:46.000Z,15.74,73.38,BuildingA_Floor2,TypeB
1025,2025-04-04T21:10:36.000Z,27.57,50.29,BuildingA_Floor2,TypeB
1020,2025-04-07T18:26:31.000Z,24.35,59.08,BuildingB_Floor2,TypeC
1084,2025-04-07T01:36:09.000Z,19.64,45.5,BuildingA_Floor1,TypeA
1005,2025-04-06T18:22:22.000Z,24.45,72.99,BuildingA_Floor1,TypeC
1029,2025-04-07T19:57:53.000Z,16.34,43.98,BuildingA_Floor2,TypeA
1051,2025-04-06T08:46:53.000Z,22.0,30.75,BuildingA_Floor1,TypeA
1048,2025-04-05T08:51:11.000Z,34.17,57.24,BuildingA_Floor1,TypeA
1001,2025-04-08T08:04:21.000Z,31.35,49.14,BuildingB_Floor1,TypeB
1040,2025-04-07T19:35:42.000Z,16.01,50.44,BuildingA_Floor2,TypeC
1013,2025-04-07T05:17:34.000Z,28.74,56.69,BuildingA_Floor1,TypeB
1098,2025-04-07T05:43:13.000Z,17.93,78.95,BuildingA_Floor1,TypeC
1087,2025-04-04T01:59:06.000Z,33.13,37.52,BuildingA_Floor2,TypeC
1083,2025-04-06T20:50:24.000Z,18.37,75.95,BuildingB_Floor1,TypeB
1075,2025-04-06T20:16:21.000Z,30.28,58.15,BuildingA_Floor2,TypeA
1071,2025-04-04T10:33:46.000Z,18.26,31.21,BuildingA_Floor1,TypeC
1026,2025-04-04T21:45:52.000Z,27.7,64.33,BuildingA_Floor2,TypeB
1080,2025-04-06T23:13:22.000Z,30.19,75.13,BuildingA_Floor1,TypeA
1002,2025-04-05T00:26:56.000Z,21.85,42.28,BuildingA_Floor2,TypeA
1066,2025-04-05T06:49:24.000Z,28.96,45.69,BuildingA_Floor2,TypeA
1009,2025-04-07T15:56:14.000Z,30.28,59.21,BuildingB_Floor2,TypeC
1090,2025-04-06T00:08:28.000Z,18.08,40.84,BuildingB_Floor2,TypeB
1084,2025-04-04T03:02:03.000Z,21.92,55.29,BuildingA_Floor1,TypeA
1072,2025-04-05T16:42:54.000Z,17.13,79.66,BuildingA_Floor1,TypeA
1025,2025-04-04T07:56:24.000Z,17.85,32.3,BuildingA_Floor1,TypeA
1084,2025-04-08T01:16:04.000Z,33.15,41.66,BuildingB_Floor1,TypeA
1061,2025-04-05T10:47:56.000Z,21.54,47.88,BuildingA_Floor2,TypeB
1045,2025-04-06T03:30:21.000Z,23.17,66.15,BuildingB_Floor2,TypeC
1062,2025-04-08T02:49:20.000Z,33.85,44.37,BuildingA_Floor1,TypeA
1062,2025-04-06T15:29:23.000Z,18.54,69.43,BuildingB_Floor2,TypeB
1015,2025-04-04T13:05:01.000Z,26.9,41.31,BuildingA_Floor1,TypeA
1099,2025-04-07T23:12:08.000Z,15.05,60.19,BuildingA_Floor2,TypeC
1088,2025-04-08T07:39:10.000Z,29.24,71.23,BuildingB_Floor2,TypeB
1100,2025-04-07T23:37:26.000Z,25.24,34.54,BuildingA_Floor1,TypeA
1024,2025-04-04T23:10:27.000Z,33.81,48.62,BuildingB_Floor2,TypeA
1090,2025-04-07T00:11:18.000Z,29.57,55.76,BuildingB_Floor1,TypeA
1087,2025-04-04T16:44:36.000Z,26.41,55.25,BuildingA_Floor2,TypeB
1052,2025-04-04T13:38:26.000Z,31.27,41.17,BuildingA_Floor2,TypeC
1027,2025-04-06T03:19:25.000Z,15.47,45.18,BuildingB_Floor2,TypeA
1043,2025-04-08T05:01:04.000Z,29.07,34.29,BuildingA_Floor2,TypeA
1094,2025-04-07T10:25:39.000Z,33.56,33.28,BuildingA_Floor2,TypeB
1061,2025-04-06T20:20:04.000Z,33.88,66.88,BuildingA_Floor1,TypeA
1009,2025-04-05T21:46:21.000Z,19.02,59.71,BuildingA_Floor1,TypeC
1043,2025-04-06T15:08:22.000Z,33.91,39.82,BuildingB_Floor1,TypeC
1010,2025-04-07T20:44:58.000Z,19.73,58.75,BuildingB_Floor1,TypeB
1019,2025-04-05T14:00:05.000Z,29.92,71.86,BuildingA_Floor2,TypeB
1058,2025-04-08T16:24:17.000Z,19.19,62.91,BuildingB_Floor2,TypeA
1028,2025-04-08T05:30:51.000Z,25.4,59.74,BuildingB_Floor2,TypeB
1047,2025-04-07T11:32:31.000Z,16.58,60.0,BuildingB_Floor1,TypeA
1090,2025-04-08T16:56:17.000Z,20.49,49.19,BuildingB_Floor2,TypeC
1072,2025-04-06T09:37:30.000Z,19.11,74.54,BuildingB_Floor1,TypeB
1032,2025-04-07T19:04:05.000Z,24.44,66.62,BuildingA_Floor1,TypeC
1095,2025-04-08T07:30:48.000Z,19.25,33.28,BuildingA_Floor1,TypeB
1006,2025-04-07T20:20:21.000Z,19.32,30.94,BuildingB_Floor2,TypeC
1019,2025-04-05T01:01:33.000Z,29.49,38.24,BuildingB_Floor2,TypeC
1017,2025-04-04T22:32:29.000Z,17.21,36.55,BuildingB_Floor1,TypeC
1023,2025-04-06T18:08:33.000Z,27.44,70.73,BuildingA_Floor2,TypeC
1030,2025-04-08T20:54:01.000Z,25.64,49.19,BuildingA_Floor1,TypeB
1078,2025-04-07T01:19:10.000Z,27.59,36.73,BuildingB_Floor2,TypeB
1025,2025-04-05T09:14:10.000Z,32.44,47.57,BuildingB_Floor2,TypeC
1074,2025-04-08T18:50:23.000Z,26.23,41.87,BuildingA_Floor1,TypeB
1012,2025-04-08T15:27:39.000Z,27.56,78.17,BuildingA_Floor1,TypeB
1061,2025-04-04T23:52:17.000Z,33.05,50.3,BuildingA_Floor2,TypeC
1039,2025-04-07T11:06:02.000Z,24.3,75.05,BuildingB_Floor2,TypeC
1038,2025-04-04T12:43:32.000Z,22.44,57.97,BuildingA_Floor2,TypeC
1070,2025-04-04T09:59:04.000Z,20.85,64.01,BuildingA_Floor2,TypeC
1060,2025-04-08T12:32:27.000Z,31.39,52.49,BuildingA_Floor1,TypeC
1017,2025-04-06T12:00:35.000Z,21.88,33.8,BuildingA_Floor2,TypeA
1052,2025-04-04T15:33:30.000Z,28.91,58.2,BuildingB_Floor1,TypeA
1067,2025-04-08T18:27:27.000Z,32.14,56.37,BuildingA_Floor2,TypeA
1050,2025-04-06T07:14:14.000Z,16.8,38.24,BuildingB_Floor1,TypeB
1083,2025-04-08T12:00:19.000Z,19.66,76.15,BuildingA_Floor2,TypeC
1095,2025-04-05T19:56:32.000Z,21.6,71.23,BuildingA_Floor1,TypeA
1087,2025-04-05T13:31:35.000Z,23.76,52.54,BuildingB_Floor2,TypeA
1085,2025-04-06T03:28:28.000Z,21.03,33.48,BuildingA_Floor2,TypeC
1019,2025-04-06T17:55:13.000Z,25.56,78.31,BuildingB_Floor1,TypeA
1066,2025-04-07T10:42:32.000Z,32.62,60.11,BuildingA_Floor2,TypeC
1095,2025-04-06T08:19:09.000Z,16.16,63.74,BuildingA_Floor2,TypeB
1095,2025-04-05T16:27:07.000Z,33.48,54.91,BuildingB_Floor2,TypeB
1018,2025-04-05T08:12:38.000Z,23.95,40.65,BuildingB_Floor2,TypeA
1035,2025-04-05T09:59:25.000Z,22.31,43.69,BuildingA_Floor2,TypeC
1098,2025-04-05T00:19:31.000Z,25.45,33.95,BuildingA_Floor1,TypeA
1039,2025-04-04T12:30:53.000Z,26.43,33.69,BuildingB_Floor1,TypeC
1033,2025-04-03T21:47:25.000Z,30.87,47.26,BuildingA_Floor2,TypeA
1025,2025-04-06T09:35:24.000Z,32.51,69.43,BuildingB_Floor1,TypeB
1089,2025-04-04T12:32:17.000Z,17.51,58.37,BuildingA_Floor2,TypeC
1068,2025-04-07T23:19:39.000Z,26.91,75.1,BuildingA_Floor2,TypeB
1040,2025-04-08T09:33:48.000Z,19.52,63.05,BuildingB_Floor1,TypeB
1091,2025-04-07T13:31:00.000Z,19.88,31.68,BuildingB_Floor1,TypeC
1080,2025-04-04T00:55:22.000Z,31.51,35.79,BuildingA_Floor1,TypeB
1049,2025-04-08T20:39:37.000Z,29.99,47.22,BuildingB_Floor1,TypeC
1040,2025-04-05T12:58:47.000Z,26.08,71.0,BuildingA_Floor1,TypeB
1049,2025-04-08T19:30:00.000Z,22.01,38.95,BuildingB_Floor2,TypeB
1062,2025-04-08T16:37:21.000Z,22.05,53.31,BuildingB_Floor1,TypeB
1030,2025-04-05T10:34:04.000Z,25.51,58.25,BuildingA_Floor1,TypeB
1090,2025-04-04T15:26:04.000Z,15.92,48.75,BuildingB_Floor1,TypeA
1054,2025-04-05T07:49:11.000Z,16.28,36.68,BuildingA_Floor1,TypeC
1097,2025-04-04T13:16:41.000Z,15.26,43.77,BuildingB_Floor1,TypeC
1086,2025-04-07T08:03:41.000Z,34.32,46.92,BuildingB_Floor1,TypeA
1019,2025-04-05T18:22:00.000Z,32.81,46.64,BuildingA_Floor2,TypeC
1069,2025-04-05T14:43:31.000Z,24.28,72.19,BuildingA_Floor1,TypeB
1033,2025-04-07T23:33:44.000Z,24.33,60.2,BuildingA_Floor1,TypeB
1051,2025-04-04T10:32:15.000Z,22.44,66.94,BuildingB_Floor1,TypeC
1062,2025-04-05T20:27:01.000Z,34.06,74.22,BuildingA_Floor1,TypeC
1058,2025-04-07T07:41:14.000Z,31.71,45.19,BuildingA_Floor2,TypeA
1006,2025-04-07T18:55:29.000Z,30.78,61.38,BuildingA_Floor1,TypeA
1052,2025-04-04T02:56:01.000Z,27.79,49.65,BuildingA_Floor1,TypeC
1091,2025-04-08T04:54:18.000Z,27.35,45.43,BuildingB_Floor1,TypeB
1041,2025-04-06T14:20:04.000Z,34.57,48.82,BuildingA_Floor1,TypeA
1042,2025-04-04T22:09:53.000Z,33.64,68.75,BuildingB_Floor1,TypeA
1030,2025-04-04T16:27:43.000Z,21.68,53.81,BuildingA_Floor1,TypeB
1042,2025-04-06T04:53:25.000Z,29.03,50.57,BuildingA_Floor2,TypeB
1061,2025-04-06T13:37:34.000Z,16.11,78.1,BuildingA_Floor2,TypeC
1046,2025-04-04T01:58:04.000Z,19.5,62.7,BuildingB_Floor1,TypeC
1018,2025-04-04T04:17:41.000Z,28.24,69.04,BuildingA_Floor2,TypeA
1088,2025-04-06T20:37:20.000Z,26.54,62.91,BuildingB_Floor1,TypeA
1098,2025-04-06T15:30:17.000Z,28.32,77.39,BuildingA_Floor1,TypeC
1097,2025-04-04T13:05:23.000Z,30.07,78.04,BuildingA_Floor2,TypeC
1050,2025-04-06T05:29:15.000Z,27.35,54.35,BuildingB_Floor2,TypeB
1007,2025-04-07T06:04:35.000Z,21.15,58.5,BuildingA_Floor1,TypeB
1023,2025-04-08T17:07:18.000Z,30.37,50.96,BuildingB_Floor2,TypeA
1079,2025-04-08T02:53:24.000Z,21.56,69.74,BuildingB_Floor1,TypeC
1030,2025-04-04T05:07:26.000Z,15.39,61.87,BuildingA_Floor1,TypeA
1088,2025-04-04T23:42:04.000Z,17.81,45.32,BuildingB_Floor2,TypeA
1014,2025-04-07T03:32:02.000Z,33.1,61.46,BuildingA_Floor1,TypeB
1012,2025-04-05T05:37:15.000Z,28.92,36.26,BuildingA_Floor1,TypeC
1096,2025-04-04T10:35:30.000Z,34.21,34.83,BuildingA_Floor1,TypeB
1003,2025-04-05T09:19:29.000Z,22.45,70.74,BuildingB_Floor1,TypeA
1049,2025-04-06T07:52:00.000Z,30.8,76.91,BuildingB_Floor1,TypeC
1037,2025-04-04T08:58:27.000Z,19.63,46.16,BuildingA_Floor1,TypeB
1006,2025-04-05T20:04:39.000Z,16.46,64.61,BuildingB_Floor2,TypeB
1090,2025-04-04T10:47:26.000Z,20.47,41.37,BuildingA_Floor1,TypeA
1044,2025-04-07T21:22:23.000Z,17.51,56.45,BuildingA_Floor1,TypeA
1063,2025-04-07T22:27:04.000Z,25.31,73.74,BuildingB_Floor2,TypeC
1051,2025-04-04T21:55:10.000Z,17.28,62.22,BuildingA_Floor1,TypeB
1078,2025-04-07T09:03:40.000Z,22.28,46.62,BuildingB_Floor2,TypeC
1081,2025-04-05T15:10:53.000Z,19.81,74.22,BuildingA_Floor1,TypeC
1032,2025-04-07T04:16:24.000Z,25.05,74.23,BuildingA_Floor2,TypeB
1009,2025-04-08T04:25:30.000Z,29.23,55.01,BuildingA_Floor1,TypeB
1007,2025-04-05T16:26:16.000Z,24.08,59.15,BuildingB_Floor2,TypeA
1030,2025-04-08T00:50:56.000Z,30.36,63.74,BuildingB_Floor2,TypeB
1057,2025-04-07T10:54:30.000Z,33.33,38.68,BuildingB_Floor1,TypeA
1035,2025-04-07T14:39:26.000Z,25.07,66.83,BuildingB_Floor1,TypeB
1014,2025-04-05T02:16:36.000Z,23.57,34.92,BuildingA_Floor2,TypeA
1015,2025-04-06T11:25:15.000Z,30.99,68.55,BuildingB_Floor2,TypeC
1064,2025-04-04T22:37:22.000Z,23.44,69.64,BuildingB_Floor1,TypeC
1092,2025-04-07T21:28:26.000Z,25.75,40.42,BuildingB_Floor2,TypeC
1032,2025-04-06T05:48:13.000Z,24.19,64.68,BuildingA_Floor1,TypeB
1063,2025-04-05T23:14:32.000Z,26.96,55.17,BuildingB_Floor2,TypeC
1050,2025-04-06T01:12:32.000Z,32.75,76.14,BuildingA_Floor1,TypeB
1027,2025-04-04T10:23:20.000Z,25.6,78.25,BuildingA_Floor2,TypeA
1089,2025-04-04T15:04:12.000Z,17.28,64.25,BuildingB_Floor2,TypeA
1067,2025-04-05T18:12:35.000Z,34.73,57.16,BuildingB_Floor1,TypeA
1053,2025-04-08T09:08:44.000Z,29.62,68.47,BuildingA_Floor2,TypeA
1093,2025-04-06T15:56:39.000Z,15.82,41.47,BuildingA_Floor1,TypeC
1100,2025-04-07T23:50:16.000Z,15.21,43.48,BuildingA_Floor1,TypeB
1000,2025-04-08T01:07:13.000Z,24.36,40.6,BuildingB_Floor2,TypeA
1025,2025-04-04T19:28:28.000Z,25.65,73.53,BuildingB_Floor1,TypeA
1005,2025-04-05T23:54:46.000Z,28.13,70.04,BuildingA_Floor1,TypeB
1007,2025-04-04T13:47:54.000Z,15.95,37.07,BuildingA_Floor1,TypeA
1049,2025-04-05T08:44:04.000Z,18.05,58.99,BuildingA_Floor1,TypeA
1040,2025-04-07T18:01:25.000Z,33.25,33.24,BuildingB_Floor2,TypeC
1079,2025-04-06T09:18:14.000Z,18.43,48.7,BuildingB_Floor1,TypeA
1098,2025-04-06T02:50:35.000Z,16.75,52.52,BuildingB_Floor2,TypeB
1055,2025-04-04T01:10:33.000Z,33.46,43.99,BuildingB_Floor1,TypeA
1041,2025-04-07T15:16:11.000Z,19.66,49.32,BuildingA_Floor1,TypeB
1012,2025-04-07T01:29:08.000Z,21.84,70.54,BuildingB_Floor1,TypeC
1000,2025-04-04T11:35:04.000Z,31.87,57.22,BuildingA_Floor1,TypeB
1027,2025-04-03T21:56:40.000Z,23.5,30.13,BuildingB_Floor2,TypeA
1077,2025-04-07T20:19:55.000Z,16.16,72.46,BuildingB_Floor1,TypeC
1082,2025-04-07T05:29:56.000Z,20.13,30.19,BuildingB_Floor1,TypeB
1053,2025-04-08T00:05:31.000Z,17.62,74.55,BuildingB_Floor2,TypeB
1058,2025-04-03T23:56:37.000Z,18.14,34.57,BuildingA_Floor2,TypeC
1074,2025-04-07T04:57:33.000Z,18.96,39.86,BuildingA_Floor1,TypeC
1044,2025-04-07T14:40:32.000Z,17.04,42.24,BuildingA_Floor2,TypeA
1036,2025-04-05T09:39:47.000Z,33.85,37.65,BuildingA_Floor2,TypeC
1066,2025-04-05T20:04:25.000Z,25.29,49.97,BuildingA_Floor1,TypeA
1001,2025-04-08T19:49:07.000Z,31.49,74.58,BuildingA_Floor1,TypeA
1031,2025-04-07T02:16:11.000Z,20.18,52.1,BuildingB_Floor2,TypeB
1079,2025-04-07T05:40:40.000Z,29.94,76.06,BuildingA_Floor1,TypeB
1021,2025-04-04T03:42:29.000Z,25.44,66.68,BuildingB_Floor1,TypeB
1020,2025-04-06T10:26:27.000Z,19.37,63.17,BuildingB_Floor1,TypeC
1069,2025-04-04T07:55:47.000Z,19.39,60.44,BuildingA_Floor1,TypeC
1044,2025-04-05T22:12:41.000Z,23.52,49.94,BuildingA_Floor2,TypeC
1018,2025-04-05T15:31:58.000Z,16.63,73.82,BuildingB_Floor1,TypeB
1081,2025-04-07T08:30:01.000Z,18.2,45.43,BuildingA_Floor2,TypeB
1069,2025-04-07T22:00:28.000Z,28.62,56.76,BuildingA_Floor1,TypeB
1013,2025-04-04T17:29:17.000Z,32.09,65.3,BuildingA_Floor2,TypeA
1066,2025-04-04T15:27:24.000Z,33.77,57.06,BuildingB_Floor1,TypeA
1063,2025-04-05T20:55:23.000Z,24.76,33.57,BuildingA_Floor2,TypeA
1026,2025-04-04T18:22:23.000Z,23.16,43.18,BuildingA_Floor2,TypeA
1094,2025-04-07T02:15:16.000Z,29.13,72.71,BuildingA_Floor1,TypeB
1069,2025-04-07T04:48:10.000Z,26.42,65.4,BuildingB_Floor2,TypeB
1004,2025-04-06T17:20:11.000Z,30.42,33.83,BuildingB_Floor2,TypeB
1036,2025-04-07T14:44:05.000Z,33.13,42.56,BuildingB_Floor2,TypeB
1014,2025-04-08T02:57:52.000Z,18.51,54.76,BuildingB_Floor1,TypeB
1098,2025-04-07T15:19:45.000Z,17.59,61.44,BuildingA_Floor2,TypeC
1015,2025-04-08T13:08:46.000Z,20.93,55.55,BuildingB_Floor2,TypeC
1025,2025-04-04T15:37:49.000Z,23.01,47.79,BuildingA_Floor1,TypeB
1050,2025-04-05T22:02:43.000Z,33.99,35.71,BuildingB_Floor1,TypeA
1005,2025-04-07T14:19:20.000Z,31.04,41.53,BuildingB_Floor2,TypeB
1088,2025-04-06T03:37:26.000Z,30.64,42.45,BuildingB_Floor1,TypeB
1083,2025-04-04T21:06:52.000Z,26.85,59.31,BuildingA_Floor1,TypeC
1090,2025-04-07T17:54:56.000Z,18.41,44.87,BuildingB_Floor1,TypeC
1059,2025-04-08T11:15:20.000Z,21.6,73.31,BuildingB_Floor1,TypeC
1095,2025-04-05T22:38:17.000Z,20.83,78.93,BuildingB_Floor1,TypeA
1030,2025-04-06T12:03:28.000Z,31.52,38.19,BuildingB_Floor1,TypeA
1068,2025-04-06T19:33:14.000Z,33.4,47.92,BuildingB_Floor2,TypeA
1035,2025-04-07T14:17:37.000Z,25.72,79.65,BuildingA_Floor1,TypeA
1047,2025-04-08T13:08:52.000Z,26.64,46.41,BuildingB_Floor1,TypeC
1093,2025-04-06T05:05:36.000Z,24.56,62.79,BuildingA_Floor1,TypeC
1026,2025-04-05T16:44:46.000Z,27.45,56.59,BuildingA_Floor1,TypeA
1003,2025-04-05T08:17:57.000Z,19.16,48.42,BuildingB_Floor2,TypeA
1079,2025-04-05T23:44:34.000Z,33.6,72.08,BuildingB_Floor1,TypeA
1022,2025-04-06T10:21:25.000Z,32.07,31.93,BuildingA_Floor2,TypeA
1001,2025-04-08T15:53:00.000Z,23.74,45.86,BuildingB_Floor1,TypeC
1006,2025-04-05T09:17:19.000Z,28.9,73.76,BuildingB_Floor1,TypeC
1097,2025-04-04T09:56:25.000Z,23.48,56.43,BuildingB_Floor1,TypeB
1049,2025-04-06T04:57:36.000Z,16.32,51.1,BuildingB_Floor1,TypeB
1022,2025-04-04T01:35:06.000Z,20.85,75.21,BuildingA_Floor1,TypeC
1086,2025-04-06T22:09:49.000Z,29.39,71.23,BuildingA_Floor1,TypeC
1071,2025-04-04T12:37:30.000Z,33.89,52.68,BuildingA_Floor1,TypeC
1020,2025-04-05T15:17:32.000Z,29.79,78.52,BuildingB_Floor2,TypeA
1002,2025-04-08T15:15:33.000Z,33.26,60.47,BuildingB_Floor2,TypeB
1019,2025-04-05T17:45:34.000Z,16.42,66.66,BuildingA_Floor2,TypeA
1019,2025-04-06T17:54:12.000Z,22.03,54.01,BuildingB_Floor2,TypeA
1032,2025-04-04T11:28:00.000Z,24.05,65.87,BuildingB_Floor1,TypeA
1100,2025-04-06T09:19:16.000Z,18.63,34.68,BuildingA_Floor1,TypeA
1036,2025-04-04T08:23:59.000Z,19.06,79.88,BuildingA_Floor1,TypeA
1043,2025-04-08T09:14:36.000Z,30.88,75.86,BuildingA_Floor2,TypeC
1045,2025-04-05T17:41:48.000Z,22.07,34.51,BuildingB_Floor1,TypeC
1066,2025-04-06T15:24:01.000Z,22.37,38.71,BuildingA_Floor2,TypeB
1020,2025-04-05T17:09:38.000Z,17.4,59.94,BuildingA_Floor2,TypeC
1087,2025-04-05T15:55:32.000Z,19.98,38.58,BuildingB_Floor2,TypeC
1088,2025-04-07T01:57:11.000Z,23.66,56.37,BuildingB_Floor1,TypeB
1012,2025-04-04T13:18:20.000Z,31.43,57.83,BuildingA_Floor2,TypeA
1069,2025-04-07T04:26:30.000Z,23.32,33.39,BuildingB_Floor1,TypeC
1099,2025-04-07T16:48:04.000Z,20.61,52.91,BuildingB_Floor1,TypeA
1097,2025-04-07T11:07:45.000Z,28.71,42.54,BuildingB_Floor1,TypeA
1098,2025-04-04T15:12:09.000Z,26.43,77.97,BuildingB_Floor1,TypeC
1034,2025-04-08T21:17:57.000Z,28.77,41.12,BuildingA_Floor2,TypeA
1057,2025-04-06T16:38:07.000Z,17.43,60.42,BuildingB_Floor1,TypeC
1023,2025-04-04T13:19:25.000Z,31.82,67.02,BuildingA_Floor2,TypeB
1038,2025-04-06T17:06:09.000Z,16.79,38.31,BuildingA_Floor1,TypeC
1090,2025-04-08T19:37:19.000Z,30.27,55.36,BuildingA_Floor1,TypeA
1023,2025-04-08T15:39:54.000Z,24.05,35.48,BuildingA_Floor2,TypeC
1045,2025-04-06T15:16:30.000Z,18.74,30.23,BuildingB_Floor2,TypeA
1053,2025-04-05T11:33:15.000Z,18.97,74.77,BuildingB_Floor1,TypeA
1082,2025-04-05T05:04:30.000Z,17.24,65.56,BuildingA_Floor1,TypeC
1063,2025-04-04T20:37:10.000Z,30.26,61.29,BuildingB_Floor2,TypeA
1079,2025-04-07T02:46:04.000Z,20.11,61.8,BuildingB_Floor1,TypeC
1059,2025-04-08T08:43:12.000Z,15.3,54.95,BuildingA_Floor2,TypeB
1011,2025-04-03T22:33:47.000Z,28.25,41.9,BuildingB_Floor2,TypeB
1063,2025-04-05T18:15:31.000Z,18.31,33.45,BuildingB_Floor2,TypeC
1030,2025-04-04T02:50:31.000Z,33.57,38.28,BuildingB_Floor1,TypeC
1054,2025-04-05T05:45:45.000Z,31.45,65.58,BuildingA_Floor1,TypeB
1073,2025-04-04T04:06:19.000Z,21.97,30.05,BuildingA_Floor1,TypeB
1007,2025-04-05T04:03:25.000Z,29.76,39.8,BuildingA_Floor1,TypeB
1019,2025-04-08T05:19:20.000Z,23.79,76.88,BuildingB_Floor1,TypeB
1059,2025-04-06T23:07:50.000Z,25.3,64.61,BuildingA_Floor2,TypeC
1019,2025-04-06T13:34:54.000Z,32.79,72.71,BuildingB_Floor2,TypeA
1001,2025-04-05T07:54:15.000Z,15.73,52.68,BuildingA_Floor2,TypeB
1073,2025-04-08T06:28:20.000Z,31.9,64.48,BuildingB_Floor1,TypeB
1080,2025-04-08T00:32:36.000Z,25.02,59.41,BuildingB_Floor2,TypeA
1094,2025-04-07T08:24:32.000Z,23.24,38.64,BuildingB_Floor2,TypeA
1072,2025-04-05T11:53:28.000Z,17.24,78.33,BuildingA_Floor1,TypeC
1069,2025-04-06T06:11:59.000Z,27.6,41.61,BuildingA_Floor2,TypeC
1010,2025-04-05T22:11:46.000Z,32.64,79.19,BuildingA_Floor2,TypeB
1045,2025-04-08T21:12:27.000Z,19.63,46.43,BuildingA_Floor1,TypeB
1075,2025-04-05T05:37:53.000Z,16.37,63.07,BuildingA_Floor2,TypeA
1013,2025-04-04T00:17:32.000Z,31.06,69.18,BuildingA_Floor2,TypeB
1000,2025-04-07T13:43:53.000Z,16.1,75.9,BuildingB_Floor2,TypeA
1071,2025-04-04T05:58:31.000Z,32.39,36.46,BuildingB_Floor2,TypeB
1089,2025-04-05T07:33:31.000Z,23.49,68.54,BuildingA_Floor2,TypeA
1049,2025-04-05T06:25:47.000Z,26.36,62.58,BuildingA_Floor1,TypeA
1042,2025-04-07T00:19:55.000Z,28.56,67.13,BuildingA_Floor1,TypeC
1078,2025-04-06T21:20:36.000Z,31.68,66.22,BuildingA_Floor2,TypeA
1025,2025-04-04T03:07:09.000Z,16.85,57.23,BuildingB_Floor2,TypeB
1055,2025-04-04T01:52:16.000Z,26.41,58.22,BuildingA_Floor1,TypeC
1039,2025-04-08T17:36:48.000Z,17.75,51.51,BuildingB_Floor2,TypeB
1018,2025-04-05T16:59:24.000Z,26.31,68.68,BuildingB_Floor1,TypeA
1052,2025-04-07T19:43:13.000Z,29.2,39.72,BuildingB_Floor2,TypeB
1090,2025-04-06T22:48:34.000Z,34.72,39.51,BuildingA_Floor2,TypeB
1077,2025-04-08T16:15:01.000Z,21.27,39.46,BuildingA_Floor1,TypeC
1054,2025-04-06T08:48:37.000Z,21.01,76.75,BuildingB_Floor2,TypeA
1081,2025-04-05T06:46:27.000Z,25.33,46.57,BuildingA_Floor2,TypeA
1028,2025-04-08T17:56:06.000Z,34.93,69.86,BuildingA_Floor2,TypeC
1091,2025-04-04T14:56:06.000Z,19.17,73.29,BuildingB_Floor2,TypeB
1070,2025-04-05T09:39:18.000Z,23.28,61.08,BuildingB_Floor1,TypeC
1038,2025-04-04T18:30:08.000Z,34.72,33.01,BuildingB_Floor1,TypeC
1075,2025-04-08T19:41:52.000Z,23.29,78.62,BuildingA_Floor1,TypeA
1099,2025-04-06T19:57:02.000Z,24.91,59.45,BuildingB_Floor1,TypeC
1099,2025-04-08T20:37:03.000Z,23.22,39.33,BuildingB_Floor1,TypeA
1001,2025-04-08T06:45:28.000Z,28.85,75.34,BuildingB_Floor1,TypeC
1088,2025-04-07T18:42:29.000Z,28.25,48.88,BuildingA_Floor2,TypeB
1093,2025-04-08T18:40:56.000Z,21.58,50.93,BuildingB_Floor1,TypeA
1035,2025-04-06T10:33:40.000Z,33.48,40.28,BuildingB_Floor2,TypeA
1075,2025-04-08T12:36:57.000Z,27.24,30.97,BuildingB_Floor2,TypeC
1034,2025-04-08T00:22:38.000Z,18.34,68.29,BuildingA_Floor2,TypeC
1098,2025-04-07T20:18:41.000Z,30.23,74.66,BuildingA_Floor1,TypeC
1067,2025-04-08T11:06:31.000Z,27.48,35.79,BuildingA_Floor2,TypeC
1074,2025-04-08T05:30:48.000Z,30.07,68.12,BuildingB_Floor2,TypeA
1031,2025-04-06T02:01:07.000Z,19.83,38.92,BuildingA_Floor1,TypeB
1091,2025-04-06T18:47:26.000Z,25.91,40.91,BuildingB_Floor1,TypeA
1054,2025-04-05T02:37:50.000Z,19.73,38.49,BuildingB_Floor1,TypeC
1031,2025-04-06T06:19:39.000Z,16.15,31.52,BuildingB_Floor2,TypeB
